Date,RELIANCE.NS,TCS.NS,INFY.NS,HDFCBANK.NS,ITC.NS
2020-01-01,675.3242797851562,1900.03759765625,633.1510620117188,605.529296875,177.02919006347656
2020-01-02,686.8212280273438,1891.3160400390625,631.3037109375,609.38916015625,178.33029174804688
2020-01-03,687.6488647460938,1929.0079345703125,641.013427734375,600.6987915039062,177.3265838623047
2020-01-06,671.70068359375,1928.8326416015625,634.86962890625,587.69873046875,174.79864501953125
2020-01-07,682.0345458984375,1933.5667724609375,625.4607543945312,597.0048217773438,174.98452758789062
2020-01-08,676.9122924804688,1976.8685302734375,617.1258544921875,595.4420166015625,174.12948608398438
2020-01-09,692.5025634765625,1941.017333984375,625.1599731445312,602.1195678710938,175.31910705566406
2020-01-10,692.345947265625,1940.3160400390625,634.2681884765625,607.4710693359375,176.95480346679688
2020-01-13,690.5790405273438,1919.9794921875,664.6862182617188,609.0339965820312,177.8842010498047
2020-01-14,684.1818237304688,1934.486572265625,666.4906616210938,610.6915283203125,180.85821533203125
2020-01-15,681.6990356445312,1952.0179443359375,659.5307006835938,608.2051391601562,180.2262420654297
2020-01-16,687.9843139648438,1962.4490966796875,659.0580444335938,609.8154296875,178.99945068359375
2020-01-17,707.2652587890625,1945.180419921875,659.7885131835938,605.3162841796875,178.40464782714844
2020-01-20,685.5015869140625,1902.4486083984375,660.3040771484375,594.3052978515625,179.8544921875
2020-01-21,686.1949462890625,1903.06201171875,655.1912841796875,589.3090209960938,177.28939819335938
2020-01-22,685.9488525390625,1934.486572265625,661.8078002929688,587.6514282226562,176.9919891357422
2020-01-23,683.0411987304688,1924.8668212890625,673.9662475585938,589.5457763671875,176.88046264648438
2020-01-24,680.6700439453125,1918.2333984375,672.591552734375,589.40380859375,177.0663299560547
2020-01-27,673.9598388671875,1905.8017578125,668.595947265625,574.5567626953125,174.4268798828125
2020-01-28,658.3919067382812,1918.541015625,668.510009765625,579.2926025390625,171.56436157226562
2020-01-29,662.0155029296875,1892.93115234375,678.5634155273438,585.283447265625,175.95106506347656
2020-01-30,645.865966796875,1878.2149658203125,670.830078125,580.642333984375,174.01795959472656
2020-01-31,631.5060424804688,1826.5562744140625,666.7484130859375,580.7606811523438,174.83580017089844
2020-02-03,619.8076782226562,1847.1585693359375,659.4017944335938,564.8955078125,154.35215759277344
2020-02-04,638.1045532226562,1851.77099609375,676.9736938476562,582.4183349609375,160.33741760253906
2020-02-05,647.9909057617188,1885.8585205078125,674.1380615234375,589.4510498046875,160.9322052001953
2020-02-06,652.1513061523438,1869.8687744140625,662.7958374023438,587.1541137695312,158.77606201171875
2020-02-07,641.3477783203125,1877.0733642578125,667.9085083007812,588.290771484375,158.66453552246094
2020-02-10,642.2201538085938,1899.3883056640625,664.385498046875,587.3909912109375,156.54551696777344
2020-02-11,649.8922119140625,1891.8765869140625,664.6862182617188,587.5330200195312,158.06971740722656
2020-02-12,657.7432861328125,1907.1197509765625,671.1306762695312,591.5111694335938,158.40428161621094
2020-02-13,659.4655151367188,1925.7449951171875,680.7545166015625,587.911865234375,157.5492401123047
2020-02-14,665.4824829101562,1918.9368896484375,675.770751953125,577.4693603515625,154.42652893066406
2020-02-17,661.2997436523438,1935.6732177734375,678.3485717773438,576.427490234375,152.27035522460938
2020-02-18,656.4458618164062,1946.6544189453125,685.3946533203125,574.5804443359375,151.56402587890625
2020-02-19,672.7295532226562,1929.6112060546875,687.8004760742188,581.1868896484375,153.68301391601562
2020-02-20,664.744384765625,1894.86376953125,684.8360595703125,576.4036865234375,154.2406463623047
2020-02-24,646.40283203125,1858.4473876953125,683.8478393554688,573.017578125,150.93202209472656
2020-02-25,633.6309204101562,1894.2928466796875,686.0390625,568.4474487304688,150.0398406982422
2020-02-26,622.7154541015625,1865.6961669921875,672.591552734375,567.9501953125,147.6605987548828
2020-02-27,620.1432495117188,1849.7940673828125,668.3810424804688,568.0448608398438,146.87994384765625
2020-02-28,594.3756713867188,1757.2386474609375,628.725830078125,557.720703125,146.87994384765625
2020-03-02,588.7838134765625,1758.2490234375,636.760009765625,558.6441650390625,145.20701599121094
2020-03-03,600.7280883789062,1788.910400390625,641.8726196289062,559.6860961914062,144.1289520263672
2020-03-04,599.3189697265625,1830.2025146484375,651.9691162109375,544.0813598632812,139.4076690673828
2020-03-05,586.5470581054688,1866.9697265625,648.403076171875,545.265380859375,139.8166046142578
2020-03-06,568.585693359375,1859.4141845703125,634.9556884765625,537.474853515625,135.1325225830078
2020-03-09,498.41845703125,1732.8148193359375,605.3108520507812,524.40380859375,131.7495574951172
2020-03-11,516.044189453125,1716.4295654296875,589.4573974609375,527.4820556640625,130.59707641601562
2020-03-12,475.5363464355469,1554.9078369140625,542.3695068359375,483.6752014160156,115.83849334716797
2020-03-13,494.4593811035156,1586.9310302734375,551.9503784179688,506.6442565917969,120.63409423828125
2020-03-16,454.3765563964844,1490.3779296875,501.081787109375,473.3510437011719,109.48149871826172
2020-03-17,450.93194580078125,1456.6419677734375,476.850341796875,461.79547119140625,110.8941650390625
2020-03-18,433.261474609375,1453.4786376953125,459.10650634765625,415.2891845703125,112.04658508300781
2020-03-19,410.53594970703125,1448.1246337890625,468.7732238769531,424.1215515136719,120.33671569824219
2020-03-20,455.3830871582031,1590.6937255859375,502.8432312011719,418.10699462890625,130.48558044433594
2020-03-23,395.4825134277344,1477.6385498046875,452.361328125,365.3966979980469,114.72322082519531
2020-03-24,422.032958984375,1507.2406005859375,506.7958679199219,363.5733642578125,111.3030776977539
2020-03-25,484.1478576660156,1548.96728515625,520.8878784179688,405.746337890625,109.55584716796875
2020-03-26,476.96783447265625,1584.9412841796875,552.5089111328125,426.75,116.28459930419922
2020-03-27,476.6994323730469,1614.63232421875,560.8438110351562,428.3365173339844,121.3404541015625
2020-03-30,460.9749755859375,1573.9232177734375,538.5028686523438,393.85931396484375,118.36640930175781
2020-03-31,498.239501953125,1616.04833984375,551.2199096679688,408.18536376953125,127.66024017333984
2020-04-01,483.3426513671875,1512.1966552734375,517.9662475585938,392.9121398925781,123.71967315673828
2020-04-03,482.0005798339844,1463.921630859375,503.27288818359375,385.4294128417969,132.26998901367188
2020-04-07,539.5525512695312,1571.0030517578125,549.07177734375,424.38201904296875,134.98379516601562
2020-04-08,533.3120727539062,1509.276123046875,542.713134765625,420.97222900390625,132.82763671875
2020-04-09,545.7483520507812,1562.994384765625,546.7088012695312,438.0924072265625,137.73477172851562
2020-04-13,531.9698486328125,1556.887939453125,547.697021484375,424.0268249511719,135.02099609375
2020-04-15,514.388916015625,1535.559814453125,549.1146850585938,408.8483581542969,140.7831573486328
2020-04-16,522.5308227539062,1518.6571044921875,536.053955078125,416.6388854980469,138.55262756347656
2020-04-17,547.5601196289062,1598.4371337890625,540.2643432617188,431.10699462890625,139.85379028320312
2020-04-20,556.4177856445312,1609.4549560546875,561.359375,447.4694519042969,134.35182189941406
2020-04-21,553.5322875976562,1537.7725830078125,544.0880737304688,436.4822082519531,133.533935546875
2020-04-22,610.0106811523438,1565.958740234375,551.520751953125,439.7736511230469,135.5042724609375
2020-04-23,613.2763061523438,1662.1995849609375,583.7002563476562,452.2527160644531,134.2403106689453
2020-04-24,633.8993530273438,1609.36669921875,565.39794921875,444.24908447265625,133.8685302734375
2020-04-27,639.6030883789062,1625.340576171875,571.0689697265625,440.2945861816406,133.7198486328125
2020-04-28,638.8873291015625,1645.208251953125,567.7179565429688,441.0997009277344,133.42247009277344
2020-04-29,638.3505859375,1686.4476318359375,581.3372192382812,462.7426452636719,135.42990112304688
2020-04-30,655.8197021484375,1782.73291015625,614.8057861328125,474.4402160644531,135.35556030273438
2020-05-04,642.0411376953125,1708.395263671875,578.8883056640625,437.12152099609375,129.40750122070312
2020-05-05,653.4262084960938,1710.4306640625,578.8883056640625,431.6515808105469,129.2959747314453
2020-05-06,653.4710693359375,1684.6337890625,572.1861572265625,448.2035217285156,121.86087799072266
2020-05-07,674.1387939453125,1674.0579833984375,571.3696899414062,438.0687255859375,119.70475006103516
2020-05-08,698.6761474609375,1675.60693359375,579.3180541992188,439.98675537109375,117.66007995605469
2020-05-11,705.3863525390625,1712.6876220703125,586.7936401367188,433.71173095703125,117.80875396728516
2020-05-12,661.7470703125,1725.25341796875,590.875244140625,426.9631042480469,122.71593475341797
2020-05-13,675.7872314453125,1725.38671875,596.4602661132812,439.3237609863281,122.97615814208984
2020-05-14,648.4657592773438,1683.5274658203125,565.52685546875,423.24542236328125,121.78654479980469
2020-05-15,659.0556030273438,1675.1644287109375,560.5,420.6170349121094,122.41852569580078
2020-05-18,650.6333618164062,1721.8021240234375,570.467529296875,396.2272644042969,122.49287414550781
2020-05-19,636.2501220703125,1724.501708984375,574.506103515625,393.3857116699219,126.95391845703125
2020-05-20,647.4496459960938,1728.88232421875,575.3224487304688,405.912109375,130.67147827148438
2020-05-21,650.8591918945312,1762.156982421875,577.5994873046875,407.0723571777344,140.48577880859375
2020-05-22,646.4788208007812,1787.9542236328125,594.9137573242188,397.2691345214844,138.55262756347656
2020-05-26,643.0917358398438,1719.50146484375,584.7743530273438,403.6862487792969,142.53041076660156
2020-05-27,652.801025390625,1774.6353759765625,606.1701049804688,427.9576721191406,142.864990234375
2020-05-28,664.8585815429688,1773.7503662109375,607.845703125,447.65887451171875,141.74972534179688
2020-05-29,661.3135986328125,1745.475341796875,601.8360595703125,450.6898498535156,146.73121643066406
2020-06-01,686.5802001953125,1809.990234375,609.2828369140625,467.739013671875,149.11045837402344
2020-06-02,693.51220703125,1811.6715087890625,616.7295532226562,474.0614013671875,146.6568603515625
2020-06-03,696.19921875,1816.1092529296875,611.024658203125,484.1251525878906,146.24794006347656
2020-06-04,713.427490234375,1856.4052734375,616.4246826171875,474.39288330078125,148.8130340576172
2020-06-05,714.2854614257812,1817.9730224609375,612.7666625976562,489.3819580078125,148.70152282714844
2020-06-08,708.7760620117188,1838.831298828125,627.8342895507812,481.11785888671875,146.9542694091797
2020-06-09,694.1670532226562,1839.097412109375,625.003662109375,467.5732421875,147.5862579345703
2020-06-10,709.9728393554688,1871.67138671875,623.4794921875,469.72808837890625,147.99517822265625
2020-06-11,694.41552734375,1835.1917724609375,613.1150512695312,458.7171325683594,144.4263458251953
2020-06-12,717.4918823242188,1810.2069091796875,602.75048828125,465.41845703125,144.1661376953125
2020-06-15,729.120361328125,1801.6859130859375,598.8311157226562,449.83734130859375,139.1846160888672
2020-06-16,730.5429077148438,1815.7984619140625,610.719970703125,469.0414123535156,137.5489044189453
2020-06-17,729.4816284179688,1817.57373046875,612.8538208007812,463.7608642578125,134.72357177734375
2020-06-18,747.793701171875,1808.9639892578125,621.7811279296875,483.0359191894531,138.73854064941406
2020-06-19,794.5337524414062,1814.7332763671875,614.508544921875,489.3819580078125,136.8425750732422
2020-06-22,788.550048828125,1799.955078125,612.8972778320312,487.2034606933594,137.5489044189453
2020-06-23,777.1473388671875,1806.4791259765625,627.66015625,493.6205749511719,138.18087768554688
2020-06-24,780.2859497070312,1812.603271484375,621.9989013671875,488.97943115234375,142.6419219970703
2020-06-25,775.7925415039062,1789.4375,610.1102294921875,487.2034606933594,150.2628631591797
2020-06-26,786.5179443359375,1880.635986328125,651.6552124023438,500.32183837890625,145.13267517089844
2020-06-29,778.1634521484375,1865.3695068359375,637.3278198242188,509.604248046875,146.6568603515625
2020-06-30,769.5606079101562,1848.0616455078125,640.9859619140625,504.7735900878906,144.72373962402344
2020-07-01,784.68896484375,1856.8487548828125,637.45849609375,513.6533203125,150.85769653320312
2020-07-02,798.19775390625,1914.6298828125,658.9712524414062,515.9266357421875,153.05104064941406
2020-07-03,810.6897583007812,1952.351806640625,664.2841796875,508.6096496582031,154.31500244140625
2020-07-06,839.6640014648438,2008.757080078125,665.4164428710938,522.3673706054688,156.5010986328125
2020-07-07,826.8092651367188,2014.7041015625,691.6761474609375,523.3855590820312,152.15383911132812
2020-07-08,815.2694091796875,1969.4368896484375,674.7356567382812,525.84814453125,153.75958251953125
2020-07-09,827.1719970703125,1956.52392578125,680.8323974609375,532.7625732421875,153.0937957763672
2020-07-10,851.5665893554688,1972.5,680.9630737304688,523.3618774414062,152.23219299316406
2020-07-13,877.3894653320312,1970.4139404296875,694.2018432617188,511.5932312011719,154.73867797851562
2020-07-14,869.2277221679688,1927.7659912109375,682.1824951171875,501.45843505859375,153.44627380371094
2020-07-15,836.1272583007812,1982.75048828125,723.7274169921875,498.759033203125,155.6394500732422
2020-07-16,835.8552856445312,1987.9549560546875,793.4481201171875,503.21075439453125,151.84051513671875
2020-07-17,866.8245239257812,1957.7100830078125,786.611083984375,520.2125244140625,151.99717712402344
2020-07-20,870.5426025390625,1964.0703125,813.7415161132812,536.5987548828125,150.93975830078125
2020-07-21,893.9623413085938,1979.3265380859375,815.87548828125,539.2034912109375,150.58724975585938
2020-07-22,908.67626953125,1948.9925537109375,799.4578857421875,533.4256591796875,153.9553985595703
2020-07-23,933.0709228515625,1931.423095703125,790.791748046875,535.34375,157.20606994628906
2020-07-24,973.1315307617188,1919.1475830078125,803.7689819335938,529.9920043945312,156.34445190429688
2020-07-27,977.6884765625,1963.091796875,826.0657348632812,511.2380676269531,153.837890625
2020-07-28,987.437255859375,2054.67236328125,838.6076049804688,514.624267578125,153.05462646484375
2020-07-29,950.6866455078125,2024.6942138671875,831.0302734375,504.1815490722656,154.0728759765625
2020-07-30,956.2185668945312,2027.7630615234375,837.3883056640625,497.5750427246094,151.4488525390625
2020-07-31,937.2877197265625,2029.4527587890625,841.35107421875,489.1215515136719,152.0755157470703
2020-08-03,910.9435424804688,2005.2130126953125,833.4254760742188,474.53497314453125,150.86138916015625
2020-08-04,975.1492919921875,2001.25390625,827.2849731445312,493.31280517578125,151.68385314941406
2020-08-05,964.1988525390625,2009.9715576171875,822.7994995117188,486.6351318359375,151.01808166503906
2020-08-06,967.6676025390625,2053.20556640625,845.5753784179688,492.86279296875,153.0154571533203
2020-08-07,973.2675170898438,2041.86279296875,828.1995849609375,494.3546447753906,153.56375122070312
2020-08-10,961.2062377929688,2030.69873046875,828.5914306640625,497.5750427246094,155.75697326660156
2020-08-11,967.5316772460938,2028.1185302734375,826.0657348632812,505.1524658203125,159.04678344726562
2020-08-12,964.7203369140625,2008.0594482421875,831.7269287109375,503.7554016113281,159.9475555419922
2020-08-13,962.2037963867188,2005.4793701171875,828.4608764648438,501.55322265625,157.7935333251953
2020-08-14,958.4630126953125,1994.5380859375,830.5512084960938,489.90289306640625,153.837890625
2020-08-17,948.2835083007812,2004.5450439453125,833.9478759765625,489.09783935546875,155.6786346435547
2020-08-18,960.6168212890625,2019.089599609375,842.7011108398438,500.3455810546875,155.52198791503906
2020-08-19,966.5113525390625,2007.3924560546875,835.515625,505.1287841796875,155.4436492919922
2020-08-20,950.8679809570312,2004.056640625,831.9011840820312,501.5295104980469,153.36790466308594
2020-08-21,943.9758911132812,2000.2757568359375,826.3704833984375,514.1506958007812,154.15121459960938
2020-08-24,950.2786254882812,1999.8314208984375,825.1512451171875,529.021240234375,154.0728759765625
2020-08-25,944.0892333984375,1994.982421875,817.0512084960938,530.2761840820312,153.05462646484375
2020-08-26,969.11865234375,2004.63427734375,828.1124877929688,529.684326171875,152.7021484375
2020-08-27,957.0120849609375,2000.097412109375,824.8463134765625,526.6770629882812,152.15383911132812
2020-08-28,959.5286254882812,1991.3350830078125,814.5689697265625,527.8136596679688,153.17213439941406
2020-08-31,943.4544677734375,2007.969970703125,808.7770385742188,528.4529418945312,149.6864776611328
2020-09-01,946.4243774414062,1998.273681640625,796.191650390625,533.8755493164062,148.9815216064453
2020-09-02,964.9923706054688,2014.997314453125,804.7706909179688,537.11962890625,149.88230895996094
2020-09-03,957.6921997070312,2045.5543212890625,814.8302612304688,535.5805053710938,150.078125
2020-09-04,941.8900756835938,2036.0360107421875,800.5465087890625,530.0868530273438,146.24000549316406
2020-09-07,944.3386840820312,2070.062255859375,805.6851806640625,525.9192504882812,148.119873046875
2020-09-08,955.425048828125,2088.875732421875,818.0963745117188,526.8427734375,147.3757781982422
2020-09-09,980.023681640625,2070.595458984375,808.036865234375,519.2890014648438,143.9684600830078
2020-09-10,1049.2398681640625,2073.70947265625,818.74951171875,516.4713134765625,144.83004760742188
2020-09-11,1051.84716796875,2111.916015625,823.6705322265625,510.83551025390625,144.08595275878906
2020-09-14,1044.048095703125,2216.2626953125,852.1511840820312,501.0321960449219,143.61598205566406
2020-09-15,1051.439208984375,2216.2626953125,855.678466796875,506.9757080078125,142.4019012451172
2020-09-16,1054.023681640625,2226.580810546875,872.488037109375,517.9393310546875,141.5010986328125
2020-09-17,1042.3251953125,2189.17431640625,880.5445556640625,513.1798095703125,139.89535522460938
2020-09-18,1045.4764404296875,2179.3447265625,872.8364868164062,500.7243957519531,140.28700256347656
2020-09-21,1022.873046875,2193.044677734375,879.5863647460938,496.9356689453125,137.66299438476562
2020-09-22,1002.6044921875,2244.3271484375,877.4961547851562,490.3528137207031,136.44891357421875
2020-09-23,1011.514404296875,2194.956787109375,888.1654052734375,495.9648132324219,135.1173095703125
2020-09-24,989.0243530273438,2074.687744140625,849.5382690429688,487.98492431640625,130.4567413330078
2020-09-25,998.319580078125,2154.79345703125,880.9364013671875,494.4256591796875,133.7465362548828
2020-09-28,1004.9169921875,2158.351806640625,880.02197265625,499.2562561035156,135.74392700195312
2020-09-29,1017.975830078125,2213.59375,878.8026123046875,503.21075439453125,132.6891326904297
2020-09-30,1013.1242065429688,2217.0625,878.1493530273438,510.8118591308594,134.49069213867188
2020-10-01,1008.9979248046875,2244.7724609375,886.3364868164062,524.2379760742188,133.8248748779297
2020-10-05,1003.0806884765625,2406.98486328125,913.3798828125,527.7426147460938,132.57162475585938
2020-10-06,1002.2417602539062,2414.5458984375,919.5201416015625,541.831787109375,133.0807647705078
2020-10-07,1023.62109375,2433.804931640625,928.9265747070312,550.4274291992188,132.76744079589844
2020-10-08,1015.3458862304688,2513.643310546875,952.5731811523438,564.4219360351562,130.9267120361328
2020-10-09,1012.7160034179688,2502.301513671875,963.9827880859375,584.1942749023438,131.47499084472656
2020-10-12,1014.3483276367188,2517.468505859375,986.0181884765625,574.7698974609375,134.88230895996094
2020-10-13,1034.140869140625,2514.399169921875,1008.4021606445312,567.5712890625,133.27658081054688
2020-10-14,1037.2239990234375,2509.977783203125,990.2860717773438,573.751708984375,131.43582153320312
2020-10-15,1000.4960327148438,2448.335205078125,965.2456665039062,553.7425537109375,129.2818145751953
2020-10-16,986.5757446289062,2468.61474609375,982.0118408203125,567.99755859375,129.79092407226562
2020-10-19,986.757080078125,2422.384033203125,980.6182861328125,569.9866333007812,131.78834533691406
2020-10-20,977.552490234375,2446.90625,990.7214965820312,579.6477661132812,131.16168212890625
2020-10-21,963.3600463867188,2390.08935546875,1000.17138671875,590.421875,131.318359375
2020-10-22,955.3569946289062,2386.291748046875,983.3617553710938,584.0758666992188,132.0233154296875
2020-10-23,958.1229248046875,2400.2734375,988.1595458984375,585.2598876953125,133.7465362548828
2020-10-26,920.0573120117188,2401.523681640625,979.3123779296875,573.467529296875,132.0233154296875
2020-10-27,922.5059814453125,2349.664306640625,960.2974243164062,583.9810791015625,130.96588134765625
2020-10-28,912.0543212890625,2342.56201171875,947.7088623046875,572.8518676757812,129.63427734375
2020-10-29,919.0597534179688,2351.898193359375,946.2122192382812,562.2434692382812,128.34185791015625
2020-10-30,931.5745239257812,2380.6640625,933.6676635742188,560.5148315429688,129.43846130371094
2020-11-02,851.29443359375,2326.83935546875,943.9675903320312,575.527587890625,130.61338806152344
2020-11-03,839.0292358398438,2352.74609375,935.3844604492188,591.013916015625,133.23741149902344
2020-11-04,867.504638671875,2370.211181640625,963.0263671875,595.4893188476562,133.00242614746094
2020-11-05,886.4581298828125,2399.2900390625,971.8737182617188,601.07763671875,136.87969970703125
2020-11-06,920.0800170898438,2418.720947265625,979.5762329101562,619.2871704101562,136.25308227539062
2020-11-09,929.8515014648438,2435.829345703125,1000.528076171875,634.8681030273438,135.35226440429688
2020-11-10,945.2000732421875,2367.04052734375,960.4734497070312,660.0156860351562,139.69955444335938
2020-11-11,905.5928344726562,2401.166259765625,988.1595458984375,658.263427734375,145.14341735839844
2020-11-12,897.7938842773438,2386.203125,983.9780883789062,649.6203002929688,147.2582550048828
2020-11-13,905.2301025390625,2373.51708984375,989.656005859375,643.51123046875,146.55331420898438
2020-11-14,907.9053955078125,2385.576904296875,997.7990112304688,648.6732177734375,147.72825622558594
2020-11-17,903.8017578125,2381.736328125,989.2158813476562,667.0247192382812,146.74916076660156
2020-11-18,901.05859375,2346.53759765625,977.6397705078125,667.1431274414062,144.164306640625
2020-11-19,894.6878662109375,2355.694580078125,965.4913330078125,650.8754272460938,147.17994689941406
2020-11-20,861.292724609375,2376.554931640625,971.3013916015625,664.7515869140625,150.15647888183594
2020-11-23,884.5084228515625,2433.72998046875,1003.43310546875,660.465576171875,149.4906463623047
2020-11-24,890.5615844726562,2431.763916015625,1003.609130859375,681.114013671875,153.17213439941406
2020-11-25,883.193359375,2413.226318359375,982.12939453125,664.3489990234375,151.84051513671875
2020-11-26,885.3699340820312,2430.46875,979.97265625,675.64404296875,152.5846405029297
2020-11-27,875.0316162109375,2393.8857421875,968.3523559570312,682.3689575195312,151.68385314941406
2020-12-01,886.4127807617188,2436.00732421875,1001.6723022460938,678.7933959960938,152.27130126953125
2020-12-02,887.8864135742188,2456.3310546875,1004.3574829101562,666.3143310546875,153.48544311523438
2020-12-03,890.5615844726562,2420.507568359375,991.6367797851562,652.22509765625,153.68124389648438
2020-12-04,882.7173461914062,2436.677490234375,998.8555297851562,656.2032470703125,155.2478485107422
2020-12-07,887.9090576171875,2445.7451171875,1006.6464233398438,649.8807983398438,159.12510681152344
2020-12-08,904.0285034179688,2498.989013671875,1015.3173217773438,651.7989501953125,158.57681274414062
2020-12-09,919.0824584960938,2511.04931640625,1034.5523681640625,666.4327392578125,160.88751220703125
2020-12-10,910.0364990234375,2487.3759765625,1027.9940185546875,656.3217163085938,166.60549926757812
2020-12-11,909.492431640625,2486.75048828125,1023.9886474609375,654.877197265625,169.4253692626953
2020-12-14,902.9176635742188,2499.346435546875,1025.177001953125,649.8335571289062,169.11203002929688
2020-12-15,895.2321166992188,2467.051513671875,1016.4179077148438,658.9027099609375,167.27130126953125
2020-12-16,896.2295532226562,2514.086669921875,1026.189453125,668.09033203125,167.623779296875
2020-12-17,900.3331298828125,2535.52734375,1020.4672241210938,682.8189697265625,166.8796844482422
2020-12-18,903.031005859375,2555.89599609375,1047.4051513671875,668.398193359375,168.01541137695312
2020-12-21,879.5205688476562,2519.40234375,1036.4012451171875,650.0703125,158.9684600830078
2020-12-22,878.1602783203125,2566.169189453125,1074.4310302734375,650.2833862304688,159.32095336914062
2020-12-23,881.4024047851562,2598.55419921875,1103.0853271484375,651.4910888671875,162.72824096679688
2020-12-24,904.2100219726562,2599.09033203125,1088.1199951171875,661.6495361328125,163.39402770996094
2020-12-28,908.35888671875,2617.001708984375,1091.8612060546875,669.1085205078125,164.0989990234375
2020-12-29,902.3509521484375,2617.984619140625,1100.66455078125,675.904541015625,165.70474243164062
2020-12-30,904.8220825195312,2599.045654296875,1097.5836181640625,678.41455078125,165.3914337158203
2020-12-31,900.1971435546875,2557.45947265625,1105.50634765625,680.2142333984375,163.70736694335938
2021-01-01,901.1947021484375,2615.974365234375,1109.5994873046875,674.8862915039062,167.5063018798828
2021-01-04,902.713623046875,2715.31591796875,1134.0728759765625,670.6004028320312,167.15380859375
2021-01-05,891.4912109375,2763.15478515625,1138.95849609375,675.667724609375,165.6264190673828
2021-01-06,867.9807739257812,2726.08056640625,1128.658447265625,672.7552490234375,160.88751220703125
2021-01-07,866.5751953125,2709.375244140625,1111.0963134765625,670.7188110351562,158.8509521484375
2021-01-08,876.800048828125,2788.080322265625,1155.068359375,678.011962890625,157.83267211914062
2021-01-11,860.2724609375,2837.705810546875,1211.496826171875,687.3889770507812,158.615966796875
2021-01-12,887.3876953125,2836.276611328125,1207.5792236328125,701.383544921875,161.7099609375
2021-01-13,879.112548828125,2822.072021484375,1221.1363525390625,696.48193359375,165.46975708007812
2021-01-14,888.9973754882812,2909.56396484375,1206.4788818359375,695.5821533203125,167.7412872314453
2021-01-15,878.5003662109375,2894.034912109375,1183.986572265625,694.5875244140625,170.6394500732422
2021-01-18,899.5849609375,2883.65234375,1155.024169921875,702.3780517578125,172.1277313232422
2021-01-19,914.298828125,2918.51416015625,1159.0736083984375,712.2050170898438,171.42274475097656
2021-01-20,931.6652221679688,2961.567138671875,1179.1448974609375,706.593017578125,170.48280334472656
2021-01-21,951.93359375,2930.284423828125,1179.364990234375,698.4473876953125,167.38880920410156
2021-01-22,929.352783203125,2956.465087890625,1180.3775634765625,683.6476440429688,165.0389404296875
2021-01-25,880.110107421875,2945.903564453125,1166.51220703125,692.7879638671875,162.76739501953125
2021-01-27,859.252197265625,2918.827880859375,1145.2967529296875,667.5693969726562,164.999755859375
2021-01-28,850.8864135742188,2861.096923828125,1123.4647216796875,649.5020141601562,161.8274688720703
2021-01-29,835.19775390625,2784.837646484375,1090.760986328125,658.5238647460938,159.20343017578125
2021-02-01,859.3883056640625,2809.899658203125,1109.99609375,699.370849609375,169.1511993408203
2021-02-02,873.2178955078125,2867.272705078125,1119.107177734375,739.0574340820312,170.91358947753906
2021-02-03,875.4171142578125,2864.22900390625,1130.9036865234375,745.80615234375,169.77783203125
2021-02-04,872.5377807617188,2853.8466796875,1126.237548828125,747.842529296875,180.1172332763672
2021-02-05,872.288330078125,2826.546630859375,1119.8555908203125,756.6039428710938,183.563720703125
2021-02-08,884.8484497070312,2876.804931640625,1147.54150390625,760.2269287109375,182.58457946777344
2021-02-09,886.9795532226562,2843.508544921875,1149.30224609375,763.3525390625,179.37310791015625
2021-02-10,895.2092895507812,2876.089111328125,1141.3353271484375,749.0975341796875,178.23733520507812
2021-02-11,932.11865234375,2869.5546875,1137.94580078125,744.6456909179688,177.37571716308594
2021-02-12,925.7252197265625,2855.94970703125,1153.0435791015625,749.192138671875,170.32615661621094
2021-02-15,921.6444091796875,2810.346923828125,1152.9114990234375,765.6021118164062,171.22691345214844
2021-02-16,933.8417358398438,2782.5546875,1135.96533203125,770.3616333007812,170.9527587890625
2021-02-17,944.6107177734375,2750.602294921875,1127.954345703125,751.3470458984375,170.56112670898438
2021-02-18,937.5598754882812,2736.50439453125,1137.77001953125,736.0975952148438,171.42274475097656
2021-02-19,943.2730102539062,2749.483642578125,1136.7576904296875,728.8990478515625,169.1511993408203
2021-02-22,910.5352783203125,2647.98291015625,1113.78125,733.1139526367188,166.1756591796875
2021-02-23,917.4954223632812,2667.450439453125,1114.7935791015625,724.1868286132812,167.33941650390625
2021-02-24,934.5218505859375,2638.719482421875,1121.7923583984375,760.7952270507812,167.62033081054688
2021-02-25,972.3153076171875,2680.966064453125,1122.0123291015625,760.7714233398438,167.861083984375
2021-02-26,945.7669067382812,2590.56494140625,1103.305419921875,726.673095703125,163.60739135742188
2021-03-01,952.9764404296875,2617.3271484375,1115.365966796875,738.2760620117188,166.05526733398438
2021-03-02,954.9261474609375,2690.856201171875,1148.3778076171875,742.6803588867188,168.46304321289062
2021-03-03,998.5009765625,2738.07080078125,1182.7542724609375,751.5127563476562,168.503173828125
2021-03-04,986.598388671875,2729.656982421875,1171.134033203125,735.0320434570312,168.30250549316406
2021-03-05,987.8906860351562,2692.37841796875,1159.1175537109375,724.58935546875,167.37953186035156
2021-03-08,993.5132446289062,2691.393798828125,1175.8878173828125,719.61669921875,166.93812561035156
2021-03-09,993.4905395507812,2730.775634765625,1184.514892578125,739.98095703125,166.77760314941406
2021-03-10,989.3643188476562,2748.677001953125,1204.41015625,736.7843017578125,165.73422241210938
2021-03-12,969.2546997070312,2737.041748046875,1210.30859375,734.984619140625,164.6908721923828
2021-03-15,956.2411499023438,2744.380615234375,1209.2078857421875,723.9500122070312,164.89151000976562
2021-03-16,952.4776611328125,2783.674072265625,1218.3634033203125,716.1358032226562,166.81773376464844
2021-03-17,931.9598999023438,2786.26953125,1221.0042724609375,708.1795043945312,169.02484130859375
2021-03-18,910.98876953125,2717.843017578125,1177.076171875,706.1194458007812,174.68310546875
2021-03-19,944.0438842773438,2730.105224609375,1183.546630859375,709.1976928710938,178.9368133544922
2021-03-22,935.1566162109375,2801.216796875,1206.7430419921875,695.7715454101562,181.3846893310547
2021-03-23,946.5377807617188,2812.80810546875,1207.4034423828125,710.4527587890625,178.3348388671875
2021-03-24,928.309814453125,2793.564453125,1191.7335205078125,700.3416748046875,173.3186798095703
2021-03-25,902.9857177734375,2743.217529296875,1174.171142578125,693.0247192382812,169.8274383544922
2021-03-26,904.4365234375,2744.962646484375,1176.283935546875,706.261474609375,169.265625
2021-03-30,920.1480102539062,2827.084228515625,1219.5079345703125,735.8133544921875,172.19508361816406
2021-03-31,908.2681274414062,2844.35888671875,1204.322265625,707.3744506835938,175.3653106689453
2021-04-01,916.7699584960938,2832.857666015625,1219.419677734375,704.1067504882812,176.60926818847656
2021-04-05,903.5071411132812,2899.001953125,1241.1636962890625,686.5128784179688,170.5898895263672
2021-04-06,899.74365234375,2922.0947265625,1242.176025390625,682.0848388671875,170.670166015625
2021-04-07,908.15478515625,2928.09130859375,1259.0341796875,685.3762817382812,171.59312438964844
2021-04-08,909.2883911132812,2969.219482421875,1267.5291748046875,678.5565795898438,171.15171813964844
2021-04-09,898.7234497070312,2973.605224609375,1268.585693359375,673.323486328125,171.03131103515625
2021-04-12,866.5751953125,2905.849365234375,1255.11669921875,647.418212890625,164.7711181640625
2021-04-13,875.9384765625,2778.303955078125,1229.939697265625,663.1887817382812,167.49990844726562
2021-04-15,881.6063842773438,2881.14599609375,1197.895751953125,677.2778930664062,165.894775390625
2021-04-16,876.0745849609375,2859.84375,1191.7335205078125,676.5911865234375,166.8979949951172
2021-04-19,862.2902221679688,2829.993408203125,1199.4805908203125,668.8954467773438,165.01190185546875
2021-04-20,862.0408325195312,2814.5537109375,1189.620849609375,658.9500732421875,163.3666229248047
2021-04-22,864.4214477539062,2791.505126953125,1189.40087890625,673.6787109375,165.252685546875
2021-04-23,863.4918823242188,2783.18212890625,1174.171142578125,669.7241821289062,164.81129455566406
2021-04-26,878.6817626953125,2775.394775390625,1182.7542724609375,665.2962036132812,164.7711181640625
2021-04-27,901.716064453125,2803.3203125,1187.1119384765625,681.3507080078125,164.8513946533203
2021-04-28,905.6382446289062,2796.25,1193.71435546875,699.39453125,164.93165588378906
2021-04-29,917.7675170898438,2788.327880859375,1194.0223388671875,697.3580932617188,163.9685516357422
2021-04-30,904.3685913085938,2717.081298828125,1192.26171875,668.8482055664062,162.60415649414062
2021-05-03,888.2945556640625,2718.2900390625,1190.2371826171875,669.8662719726562,161.27989196777344
2021-05-04,869.0463256835938,2729.702392578125,1170.2978515625,657.505615234375,160.1964111328125
2021-05-05,870.6333618164062,2770.830078125,1180.94970703125,664.2542724609375,161.6410369873047
2021-05-06,875.5757446289062,2784.92724609375,1198.644287109375,663.4491577148438,162.72451782226562
2021-05-07,875.9158325195312,2804.1259765625,1190.6771240234375,670.0083618164062,164.81129455566406
2021-05-10,873.3993530273438,2815.40380859375,1179.233154296875,672.4236450195312,164.9718017578125
2021-05-11,876.5507202148438,2794.906982421875,1171.398193359375,664.7042236328125,163.72779846191406
2021-05-12,867.4819946289062,2763.580078125,1168.1851806640625,662.7861328125,163.12582397460938
2021-05-14,878.4324340820312,2731.268310546875,1158.8536376953125,656.7952270507812,170.34910583496094
2021-05-17,888.8839721679688,2747.602783203125,1170.2978515625,682.0848388671875,170.6300506591797
2021-05-18,901.398681640625,2764.654052734375,1179.6292724609375,699.3471069335938,168.5834503173828
2021-05-19,905.5248413085938,2758.5673828125,1176.98828125,690.5857543945312,166.7374725341797
2021-05-20,900.242431640625,2738.875732421875,1179.012939453125,678.5565795898438,166.1355438232422
2021-05-21,908.0187377929688,2757.224609375,1192.3939208984375,709.1029663085938,167.78085327148438
2021-05-24,900.3557739257812,2758.1201171875,1186.7158203125,715.0938720703125,169.74717712402344
2021-05-25,890.153564453125,2800.843017578125,1198.644287109375,700.4127197265625,169.265625
2021-05-26,893.2822265625,2840.86865234375,1230.0277099609375,699.512939453125,169.02484130859375
2021-05-27,896.0255737304688,2860.205810546875,1234.42919921875,702.1650390625,169.4662628173828
2021-05-28,949.847900390625,2827.466796875,1236.8941650390625,712.0155639648438,170.87078857421875
2021-05-31,979.5474853515625,2841.452392578125,1240.186279296875,717.8880615234375,173.8403778076172
2021-06-01,983.4470825195312,2835.921142578125,1234.358154296875,715.9226684570312,172.7568817138672
2021-06-02,998.1156005859375,2814.73974609375,1226.7501220703125,712.2760620117188,167.74072265625
2021-06-03,1001.9244384765625,2825.352294921875,1236.5380859375,720.1139526367188,167.78085327148438
2021-06-04,993.2412109375,2827.601318359375,1232.978759765625,710.8316650390625,167.54006958007812
2021-06-07,1009.9727783203125,2863.083984375,1236.5380859375,710.3106689453125,169.70706176757812
2021-06-08,1004.1689453125,2878.329345703125,1257.270751953125,702.3544921875,171.47274780273438
2021-06-09,986.2130126953125,2878.41943359375,1259.3619384765625,701.0520629882812,170.54977416992188
2021-06-10,989.8404541015625,2893.304931640625,1267.3704833984375,701.4072875976562,172.83840942382812
2021-06-11,1007.0098876953125,2944.572998046875,1287.480224609375,703.9172973632812,171.6823272705078
2021-06-14,1021.4564208984375,2946.8662109375,1300.7386474609375,700.6494750976562,171.1868438720703
2021-06-15,1023.7769775390625,2934.63427734375,1311.50537109375,705.76416015625,170.98037719726562
2021-06-16,1006.3045043945312,2945.06787109375,1317.46728515625,703.0884399414062,171.64102172851562
2021-06-17,1008.1473388671875,2984.10302734375,1330.5477294921875,694.3270874023438,169.8242645263672
2021-06-18,1012.6974487304688,2965.710205078125,1337.6661376953125,700.8152465820312,168.9158935546875
2021-06-21,1017.9755859375,2943.943603515625,1334.9967041015625,705.0302124023438,168.8333282470703
2021-06-22,1012.7430419921875,2969.217529296875,1345.2740478515625,702.709716796875,169.3700714111328
2021-06-23,1003.4608154296875,2933.419921875,1337.53271484375,703.5147094726562,168.42041015625
2021-06-24,979.8683471679688,3034.336669921875,1387.406982421875,713.3416137695312,167.8423614501953
2021-06-25,957.5499877929688,3040.812744140625,1400.7542724609375,717.532958984375,169.32879638671875
2021-06-28,949.1550903320312,3001.192626953125,1398.618896484375,714.336181640625,168.1313934326172
2021-06-29,949.9740600585938,3004.8798828125,1390.8331298828125,714.4313354492188,167.8836669921875
2021-06-30,960.37109375,3009.2880859375,1406.627197265625,712.45751953125,167.38816833496094
2021-07-01,954.5924682617188,3005.46484375,1388.474853515625,707.154052734375,167.6359100341797
2021-07-02,968.7433471679688,2991.02880859375,1395.0594482421875,704.1337890625,167.14044189453125
2021-07-05,978.3668823242188,2987.02685546875,1404.98095703125,711.2921142578125,168.17266845703125
2021-07-06,966.8095092773438,2934.2294921875,1390.0767822265625,729.9608764648438,167.22303771972656
2021-07-07,960.0980834960938,2945.607421875,1392.2119140625,732.243896484375,168.25526428222656
2021-07-08,952.1580810546875,2930.81201171875,1388.7862548828125,723.1829833984375,166.8101348876953
2021-07-09,942.4208984375,2885.525390625,1390.6993408203125,714.4075317382812,166.2733612060547
2021-07-12,948.29052734375,2871.988525390625,1377.3077392578125,707.2730102539062,166.0669403076172
2021-07-13,955.3887939453125,2866.996826171875,1374.72705078125,714.336181640625,166.68624877929688
2021-07-14,949.1550903320312,2891.281982421875,1403.1568603515625,713.0519409179688,168.54429626464844
2021-07-15,947.4943237304688,2887.135009765625,1406.627197265625,723.3019409179688,170.31976318359375
2021-07-16,961.1674194335938,2879.788330078125,1384.0701904296875,724.0867309570312,171.6823272705078
2021-07-19,955.0475463867188,2870.59423828125,1371.835205078125,699.6627807617188,171.55844116210938
2021-07-20,952.7041015625,2889.7041015625,1379.2652587890625,686.416259765625,170.77394104003906
2021-07-22,964.9439697265625,2899.214111328125,1414.9913330078125,689.0560302734375,170.9390869140625
2021-07-23,958.1188354492188,2896.059326171875,1415.2139892578125,686.22607421875,175.3983612060547
2021-07-26,944.9918212890625,2882.267333984375,1427.1820068359375,682.3258056640625,174.3661346435547
2021-07-27,935.0497436523438,2869.107177734375,1425.9808349609375,684.7991943359375,172.3016357421875
2021-07-28,927.0187377929688,2882.4931640625,1428.6947021484375,674.12109375,172.6732635498047
2021-07-29,934.25341796875,2880.6904296875,1438.8385009765625,674.5728759765625,170.15457153320312
2021-07-30,926.0859985351562,2855.135986328125,1433.0546875,678.4730834960938,169.24620056152344
2021-08-02,943.012451171875,2901.962890625,1451.785400390625,676.6657104492188,171.1868438720703
2021-08-03,949.9513549804688,2961.004638671875,1472.829833984375,682.3971557617188,173.33389282226562
2021-08-04,957.2315673828125,2951.13427734375,1467.53515625,696.9515991210938,172.26034545898438
2021-08-05,971.1094360351562,2960.14794921875,1471.3614501953125,706.2503662109375,177.7518768310547
2021-08-06,950.5429077148438,2983.44921875,1468.380615234375,709.9603271484375,176.9261016845703
2021-08-09,945.1282348632812,2995.077880859375,1480.0374755859375,715.311279296875,176.5544891357422
2021-08-10,950.0878295898438,3005.172607421875,1492.4501953125,717.094970703125,173.29258728027344
2021-08-11,963.39697265625,3014.457763671875,1492.7174072265625,711.0542602539062,172.3016357421875
2021-08-12,960.3029174804688,3021.2626953125,1503.4395751953125,714.1221313476562,172.5081024169922
2021-08-13,976.2965087890625,3121.904296875,1523.54931640625,725.9179077148438,174.61386108398438
2021-08-16,988.9686279296875,3130.512939453125,1516.60888671875,728.0106811523438,174.15966796875
2021-08-17,984.7598266601562,3202.71484375,1549.7547607421875,720.4243774414062,172.75582885742188
2021-08-18,988.5819091796875,3209.475341796875,1542.458251953125,719.6395263671875,172.5493927001953
2021-08-20,977.4796142578125,3208.52880859375,1542.0133056640625,720.471923828125,172.5081024169922
2021-08-23,983.8953247070312,3278.7470703125,1547.174072265625,725.1569213867188,170.3610382080078
2021-08-24,993.60986328125,3256.93408203125,1531.2464599609375,741.4474487304688,169.9068603515625
2021-08-25,1002.20947265625,3298.218017578125,1544.326904296875,740.7579345703125,170.44361877441406
2021-08-26,1014.8814697265625,3309.801513671875,1537.3416748046875,739.5213012695312,168.9571990966797
2021-08-27,1013.4937744140625,3353.337890625,1520.5240478515625,736.5008544921875,170.0307159423828
2021-08-30,1032.9910888671875,3336.346435546875,1510.9586181640625,745.91845703125,171.76487731933594
2021-08-31,1027.4854736328125,3413.101318359375,1518.43310546875,752.173095703125,174.49000549316406
2021-09-01,1031.557861328125,3348.65087890625,1492.8951416015625,751.0791625976562,173.00355529785156
2021-09-02,1043.9796142578125,3458.44140625,1502.9947509765625,755.7880249023438,173.21002197265625
2021-09-03,1086.7962646484375,3463.21923828125,1513.2720947265625,749.6285400390625,173.9119415283203
2021-09-06,1103.67724609375,3472.187744140625,1539.744384765625,744.7056274414062,172.83840942382812
2021-09-07,1110.638916015625,3439.647216796875,1518.6109619140625,746.3941040039062,174.86160278320312
2021-09-08,1106.29345703125,3402.013916015625,1506.6875,749.7949829101562,174.44871520996094
2021-09-09,1103.67724609375,3417.56298828125,1505.2191162109375,746.0848999023438,175.60482788085938
2021-09-13,1079.0838623046875,3466.194091796875,1505.4862060546875,739.8779296875,176.843505859375
2021-09-14,1077.6732177734375,3502.745361328125,1500.3697509765625,736.5484008789062,178.4538116455078
2021-09-15,1082.1551513671875,3564.626708984375,1522.8822021484375,735.7161254882812,178.3712158203125
2021-09-16,1104.860107421875,3518.429931640625,1514.69580078125,741.9706420898438,190.55166625976562
2021-09-17,1087.72900390625,3450.4189453125,1504.9521484375,752.5299682617188,190.88198852539062
2021-09-20,1089.4580078125,3446.497802734375,1501.88232421875,741.923095703125,193.029052734375
2021-09-21,1094.16748046875,3482.057861328125,1529.11083984375,738.1655883789062,199.428955078125
2021-09-22,1105.9068603515625,3481.3369140625,1527.731689453125,729.4851684570312,201.08053588867188
2021-09-23,1132.934326171875,3487.73681640625,1550.5555419921875,746.7508544921875,200.2547149658203
2021-09-24,1129.6583251953125,3489.58447265625,1569.5086669921875,761.75732421875,196.91029357910156
2021-09-27,1148.655029296875,3458.62158203125,1531.513427734375,772.9585571289062,197.11672973632812
2021-09-28,1159.3934326171875,3406.521240234375,1501.215087890625,768.1784057617188,196.33221435546875
2021-09-29,1150.2021484375,3418.01318359375,1505.7977294921875,758.0949096679688,196.62124633789062
2021-09-30,1146.2889404296875,3403.27587890625,1490.626220703125,758.6180419921875,195.01095581054688
2021-10-01,1148.3138427734375,3362.397216796875,1481.6834716796875,752.79150390625,194.35031127929688
2021-10-04,1163.0789794921875,3401.24755859375,1493.784912109375,754.2421875,195.38253784179688
2021-10-05,1187.21728515625,3455.33154296875,1506.287109375,758.8558349609375,193.81353759765625
2021-10-06,1164.7625732421875,3435.14013671875,1489.157958984375,768.1070556640625,190.96456909179688
2021-10-07,1170.4730224609375,3509.05517578125,1504.685302734375,766.01416015625,192.368408203125
2021-10-08,1215.450927734375,3547.59033203125,1533.916015625,762.2803955078125,191.33616638183594
2021-10-11,1206.987548828125,3322.195556640625,1504.6407470703125,777.0966186523438,196.5799560546875
2021-10-12,1213.8809814453125,3292.67431640625,1499.47998046875,775.098876953125,199.26376342773438
2021-10-13,1226.2347412109375,3294.792236328125,1520.8800048828125,779.7601318359375,205.7875518798828
2021-10-14,1228.7144775390625,3261.6025390625,1526.7083740234375,802.5906982421875,211.85708618164062
2021-10-18,1231.9906005859375,3293.84423828125,1594.6905517578125,794.4573364257812,216.81187438964844
2021-10-19,1243.0245361328125,3282.103515625,1621.38525390625,803.208984375,203.10369873046875
2021-10-20,1228.7144775390625,3259.2548828125,1603.7667236328125,796.1458129882812,203.64048767089844
2021-10-21,1193.2691650390625,3190.30078125,1560.4324951171875,797.3110961914062,202.0714874267578
2021-10-22,1195.49853515625,3159.910888671875,1530.31201171875,799.427734375,195.38253784179688
2021-10-25,1183.85009765625,3154.58203125,1519.411865234375,788.13134765625,192.7400360107422
2021-10-26,1210.809814453125,3145.234619140625,1529.421142578125,786.10986328125,195.4651336669922
2021-10-27,1195.49853515625,3151.69189453125,1552.0882568359375,781.3773193359375,196.91029357910156
2021-10-28,1182.39404296875,3090.18896484375,1529.6007080078125,757.9758911132812,185.88595581054688
2021-10-29,1154.0244140625,3068.60400390625,1497.1488037109375,752.8628540039062,184.31695556640625
2021-11-01,1154.7296142578125,3139.63525390625,1526.1446533203125,763.5409545898438,187.33108520507812
2021-11-02,1137.89404296875,3146.67919921875,1524.214599609375,764.2305908203125,186.29884338378906
2021-11-03,1130.0679931640625,3153.9501953125,1528.343994140625,752.1968994140625,183.6975860595703
2021-11-04,1137.0067138671875,3168.7607421875,1533.9097900390625,758.1424560546875,187.08334350585938
2021-11-08,1138.4173583984375,3163.432861328125,1559.7637939453125,761.1388549804688,189.7671661376953
2021-11-09,1147.4039306640625,3166.0966796875,1564.2523193359375,747.8211059570312,188.90008544921875
2021-11-10,1160.2352294921875,3146.769287109375,1562.142822265625,739.7352294921875,190.6342315673828
2021-11-11,1162.3509521484375,3150.2919921875,1555.9935302734375,736.4295654296875,189.9322967529297
2021-11-12,1179.8916015625,3184.4755859375,1598.0955810546875,738.6650390625,192.32711791992188
2021-11-15,1172.929931640625,3209.086181640625,1604.3349609375,740.6865234375,196.62124633789062
2021-11-16,1145.6749267578125,3211.885498046875,1608.9581298828125,736.2869262695312,194.4329071044922
2021-11-17,1121.149658203125,3180.72705078125,1604.6041259765625,728.1058959960938,197.77734375
2021-11-18,1125.3812255859375,3139.003173828125,1597.377685546875,732.1964111328125,196.12576293945312
2021-11-22,1075.5347900390625,3123.37890625,1579.4234619140625,720.75732421875,190.67555236816406
2021-11-23,1085.5904541015625,3128.662353515625,1559.22509765625,720.8524169921875,191.2535858154297
2021-11-24,1069.915283203125,3109.74169921875,1522.5089111328125,722.0415649414062,188.03302001953125
2021-11-25,1134.3221435546875,3112.09033203125,1546.2083740234375,725.7990112304688,191.00584411621094
2021-11-26,1097.7620849609375,3112.947998046875,1518.6038818359375,708.6522827148438,184.97755432128906
2021-11-29,1110.911865234375,3162.755126953125,1522.8232421875,714.05078125,182.91307067871094
2021-11-30,1094.4859619140625,3187.274658203125,1537.4556884765625,710.388427734375,182.62405395507812
2021-12-01,1122.5147705078125,3231.21240234375,1539.4755859375,715.66796875,183.24343872070312
2021-12-02,1129.7266845703125,3290.005615234375,1569.4141845703125,725.7039184570312,186.17498779296875
2021-12-03,1095.7825927734375,3287.79345703125,1558.0133056640625,719.9011840820312,183.03695678710938
2021-12-06,1075.0113525390625,3193.822998046875,1521.8804931640625,715.2637329101562,179.9402313232422
2021-12-07,1083.7703857421875,3237.26318359375,1536.5582275390625,725.68017578125,182.21115112304688
2021-12-08,1100.2646484375,3275.555419921875,1573.992431640625,739.0455932617188,185.76205444335938
2021-12-09,1117.7142333984375,3252.842041015625,1583.05908203125,726.2271118164062,194.39158630371094
2021-12-10,1118.851806640625,3284.49658203125,1579.2886962890625,724.181884765625,194.96966552734375
2021-12-13,1096.4197998046875,3259.97705078125,1566.1822509765625,718.7596435546875,193.73095703125
2021-12-14,1082.996826171875,3272.75634765625,1572.915283203125,714.62158203125,188.7761993408203
2021-12-15,1079.8345947265625,3224.484130859375,1556.80126953125,713.4562377929688,185.01885986328125
2021-12-16,1093.80322265625,3234.644287109375,1590.37548828125,713.5037841796875,184.06918334960938
2021-12-17,1064.9329833984375,3237.12744140625,1634.587646484375,700.6378784179688,179.9815216064453
2021-12-20,1036.2215576171875,3212.337158203125,1614.8828125,678.0927124023438,175.3983612060547
2021-12-21,1051.646484375,3258.757080078125,1626.28369140625,685.7741088867188,175.48095703125
2021-12-22,1076.60400390625,3279.032958984375,1638.043701171875,687.3912963867188,175.06808471679688
2021-12-23,1076.2171630859375,3307.8876953125,1667.5782470703125,686.8681030273438,179.4447479248047
2021-12-24,1079.6524658203125,3315.293701171875,1672.874755859375,684.3948364257812,180.02281188964844
2021-12-27,1078.4921875,3338.05224609375,1675.2535400390625,690.0548706054688,179.6511993408203
2021-12-28,1091.30078125,3347.490478515625,1694.868408203125,694.811279296875,181.71568298339844
2021-12-29,1093.1663818359375,3336.788330078125,1692.6690673828125,691.5055541992188,178.99058532714844
2021-12-30,1073.4188232421875,3372.055419921875,1699.2222900390625,695.1441650390625,178.3712158203125
2021-12-31,1077.5367431640625,3376.209716796875,1694.64404296875,703.658203125,180.06410217285156
2022-01-03,1093.7806396484375,3447.918212890625,1704.2493896484375,722.8025512695312,180.9311981201172
2022-01-04,1118.4649658203125,3508.42822265625,1704.8779296875,727.0357055664062,181.88084411621094
2022-01-05,1123.69775390625,3486.932861328125,1655.952880859375,744.3013305664062,182.12857055664062
2022-01-06,1099.5364990234375,3438.6162109375,1631.8494873046875,732.3629150390625,180.60086059570312
2022-01-07,1108.4093017578125,3480.205078125,1628.70751953125,737.499755859375,180.35313415527344
2022-01-10,1109.3193359375,3504.002685546875,1661.4288330078125,741.5902709960938,184.39952087402344
2022-01-11,1117.3048095703125,3536.560302734375,1665.782958984375,744.8008422851562,183.28468322753906
2022-01-12,1147.1307373046875,3485.984130859375,1685.3978271484375,740.4011840820312,183.94534301757812
2022-01-13,1153.592041015625,3520.3037109375,1702.7681884765625,726.7741088867188,184.936279296875
2022-01-14,1155.275390625,3583.74853515625,1731.9886474609375,734.9313354492188,183.82147216796875
2022-01-17,1161.304443359375,3629.8076171875,1741.1004638671875,723.6824340820312,185.47303771972656
2022-01-18,1147.44921875,3604.02392578125,1724.268310546875,727.3685913085938,182.29373168945312
2022-01-19,1147.3583984375,3541.6435546875,1676.0616455078125,722.2317504882812,181.96343994140625
2022-01-20,1127.2696533203125,3461.938232421875,1637.14599609375,717.7369995117188,180.6421661376953
2022-01-21,1127.4515380859375,3468.22607421875,1603.0330810546875,723.7300415039062,179.23831176757812
2022-01-24,1081.97314453125,3411.99755859375,1559.1353759765625,707.1065063476562,174.90289306640625
2022-01-25,1079.8572998046875,3410.68603515625,1545.9840087890625,707.7724609375,176.96739196777344
2022-01-27,1063.8636474609375,3301.531982421875,1506.888671875,701.54150390625,177.21511840820312
2022-01-28,1062.8397216796875,3338.44482421875,1513.7115478515625,695.9765014648438,179.6925048828125
2022-01-31,1085.9317626953125,3380.242431640625,1558.596923828125,706.6546020507812,181.83953857421875
2022-02-01,1082.3370361328125,3438.50537109375,1590.779541015625,712.0294189453125,188.07427978515625
2022-02-02,1084.5438232421875,3488.762939453125,1604.2899169921875,728.296142578125,191.707763671875
2022-02-03,1070.5294189453125,3460.17431640625,1560.7061767578125,720.75732421875,193.60708618164062
2022-02-04,1060.76953125,3451.3974609375,1562.9954833984375,724.8716430664062,193.4832305908203
2022-02-07,1054.308349609375,3418.918701171875,1539.5654296875,698.3072509765625,190.09747314453125
2022-02-08,1072.031005859375,3386.75634765625,1541.6300048828125,695.3106689453125,190.96456909179688
2022-02-09,1084.5211181640625,3402.22705078125,1559.584228515625,712.314697265625,190.05618286132812
2022-02-10,1083.4063720703125,3411.093017578125,1588.580078125,725.394775390625,191.79034423828125
2022-02-11,1081.2906494140625,3342.877685546875,1545.2657470703125,722.4219970703125,191.95550537109375
2022-02-14,1064.0684814453125,3377.98046875,1510.1204833984375,700.9469604492188,185.5728759765625
2022-02-15,1100.1962890625,3454.02197265625,1560.4368896484375,721.9226684570312,188.57484436035156
2022-02-16,1097.9212646484375,3449.77001953125,1555.9935302734375,720.947509765625,188.3634490966797
2022-02-17,1111.8218994140625,3423.623779296875,1548.3629150390625,716.5479125976562,188.2788848876953
2022-02-18,1103.1312255859375,3432.39892578125,1532.3388671875,719.330322265625,187.64466857910156
2022-02-21,1091.9832763671875,3364.997802734375,1553.6595458984375,723.9677734375,184.3467254638672
2022-02-22,1087.023681640625,3244.67041015625,1556.93603515625,718.5455322265625,181.68299865722656
2022-02-23,1080.2213134765625,3224.224609375,1564.5662841796875,713.8843383789062,182.61318969726562
2022-02-24,1026.3934326171875,3077.5244140625,1506.48486328125,675.119873046875,176.3132781982422
2022-02-25,1039.2247314453125,3185.2763671875,1521.2520751953125,692.5757446289062,180.9219207763672
2022-02-28,1073.62353515625,3215.538818359375,1540.1041259765625,678.3779907226562,182.52862548828125
2022-03-02,1091.3690185546875,3208.255859375,1528.613525390625,653.6448364257812,182.06353759765625
2022-03-03,1082.1551513671875,3206.67236328125,1544.81689453125,652.0990600585938,185.53060913085938
2022-03-04,1058.1531982421875,3188.533447265625,1547.0164794921875,649.9586791992188,190.68893432617188
2022-03-07,1019.0222778320312,3152.84228515625,1561.8734130859375,630.12451171875,190.22384643554688
2022-03-08,1017.1793823242188,3256.9296875,1596.30029296875,631.551513671875,191.872802734375
2022-03-09,1071.143798828125,3286.46875,1627.8548583984375,652.1704711914062,193.8600311279297
2022-03-10,1088.50244140625,3275.92822265625,1639.12109375,662.4203491210938,196.1855010986328
2022-03-11,1091.6419677734375,3256.205810546875,1635.619873046875,664.3704833984375,199.86399841308594
2022-03-14,1100.605712890625,3295.877685546875,1697.2919921875,686.1309204101562,202.1049041748047
2022-03-15,1075.398193359375,3251.456787109375,1651.1502685546875,677.3078002929688,201.13241577148438
2022-03-16,1093.55322265625,3307.548583984375,1696.125244140625,688.7944946289062,205.1491241455078
2022-03-17,1129.203369140625,3322.79248046875,1664.885009765625,703.96728515625,207.09410095214844
2022-03-21,1122.69677734375,3281.130615234375,1663.49365234375,707.03515625,206.75584411621094
2022-03-22,1151.7037353515625,3348.30615234375,1694.3297119140625,710.673828125,211.1953887939453
2022-03-23,1155.366455078125,3358.664306640625,1680.8642578125,703.5867919921875,213.09805297851562
2022-03-24,1173.316650390625,3392.546630859375,1693.7015380859375,686.178466796875,215.50808715820312
2022-03-25,1181.1429443359375,3354.186767578125,1684.5897216796875,680.5896606445312,214.23963928222656
2022-03-28,1193.018798828125,3354.412109375,1682.2108154296875,681.4934692382812,217.36846923828125
2022-03-29,1193.291748046875,3352.286865234375,1693.072998046875,690.530517578125,215.29669189453125
2022-03-30,1216.2244873046875,3375.99072265625,1709.186767578125,702.4928588867188,210.7303009033203
2022-03-31,1198.8428955078125,3383.58984375,1711.790283203125,699.3535766601562,211.95645141601562
2022-04-01,1208.443603515625,3400.598876953125,1708.8277587890625,716.31005859375,214.19737243652344
2022-04-04,1212.015625,3411.093017578125,1690.3350830078125,788.0361938476562,216.0154571533203
2022-04-05,1194.8843994140625,3451.307861328125,1670.72021484375,764.9440307617188,219.39796447753906
2022-04-06,1191.6993408203125,3397.522216796875,1641.7691650390625,737.6424560546875,219.52481079101562
2022-04-07,1170.6778564453125,3333.106201171875,1625.7451171875,721.4232177734375,217.0302276611328
2022-04-08,1190.152099609375,3334.4638671875,1628.9766845703125,720.4243774414062,226.45895385742188
2022-04-11,1187.67236328125,3344.189697265625,1585.8421630859375,711.6251220703125,226.20529174804688
2022-04-12,1165.3087158203125,3339.394775390625,1564.207275390625,710.3646240234375,223.92205810546875
2022-04-13,1161.031494140625,3313.021728515625,1569.68359375,696.7850952148438,227.93881225585938
2022-04-18,1157.4822998046875,3191.880859375,1455.5401611328125,663.7283325195312,228.4038848876953
2022-04-19,1201.5958251953125,3141.080810546875,1402.216552734375,638.400634765625,221.1737823486328
2022-04-20,1236.927490234375,3217.8916015625,1425.287353515625,644.1558227539062,219.48251342773438
2022-04-21,1265.8890380859375,3282.89501953125,1453.2061767578125,653.6923828125,220.20132446289062
2022-04-22,1255.2872314453125,3268.328857421875,1423.267578125,644.7742309570312,220.79324340820312
2022-04-25,1226.2574462890625,3210.1103515625,1401.408447265625,649.6019287109375,215.8463592529297
2022-04-26,1262.9541015625,3208.391357421875,1419.2725830078125,652.5984497070312,218.97515869140625
2022-04-27,1264.1827392578125,3221.871826171875,1393.95751953125,652.8362426757812,217.74899291992188
2022-04-28,1283.0657958984375,3242.771240234375,1420.708984375,652.2655029296875,220.79324340820312
2022-04-29,1269.5975341796875,3208.753173828125,1407.198486328125,658.5676879882812,219.48251342773438
2022-05-02,1265.13818359375,3204.863525390625,1383.364501953125,667.6522827148438,222.5267791748047
2022-05-04,1225.64306640625,3148.182861328125,1378.4720458984375,644.9644165039062,219.6516571044922
2022-05-05,1201.6412353515625,3178.626953125,1422.9981689453125,643.5137329101562,221.5966033935547
2022-05-06,1192.42724609375,3105.525634765625,1385.0252685546875,626.7000122070312,225.4864959716797
2022-05-09,1145.8568115234375,3116.8349609375,1409.712158203125,627.7702026367188,222.357666015625
2022-05-10,1125.9954833984375,3111.08935546875,1394.1370849609375,637.8536987304688,219.6516571044922
2022-05-11,1114.4610595703125,3086.887939453125,1370.5721435546875,641.4447021484375,216.18458557128906
2022-05-12,1091.7559814453125,3083.857421875,1354.4583740234375,626.9856567382812,213.85911560058594
2022-05-13,1104.1322021484375,3089.511962890625,1350.508544921875,621.35595703125,218.67919921875
2022-05-16,1104.4052734375,3055.042724609375,1336.7735595703125,627.9719848632812,214.8738555908203
2022-05-17,1150.7935791015625,3122.715576171875,1363.12109375,632.25439453125,223.83750915527344
2022-05-18,1154.979736328125,3120.18212890625,1354.8175048828125,632.206298828125,225.61331176757812
2022-05-19,1128.361572265625,2951.1357421875,1281.1605224609375,619.2869873046875,233.09715270996094
2022-05-20,1194.1563720703125,2979.227294921875,1306.29638671875,635.5985717773438,236.77561950683594
2022-05-23,1186.1708984375,3005.238037109375,1318.191162109375,627.4428100585938,232.12464904785156
2022-05-24,1190.2432861328125,2974.703857421875,1293.59375,634.6361694335938,229.0381317138672
2022-05-25,1188.4913330078125,2885.125244140625,1266.1689453125,639.375732421875,230.6025390625
2022-05-26,1177.1614990234375,2939.136474609375,1278.2880859375,657.6119995117188,231.0276336669922
2022-05-27,1171.701416015625,2970.422607421875,1311.8623046875,669.8095703125,233.19322204589844
2022-05-30,1212.51611328125,3074.2099609375,1370.6171875,674.3807373046875,233.06329345703125
2022-05-31,1197.887451171875,3064.2822265625,1364.085205078125,668.31787109375,234.4492645263672
2022-06-01,1198.274169921875,3055.947998046875,1341.3597412109375,671.1568603515625,235.48878479003906
2022-06-02,1239.58935546875,3117.70068359375,1368.0770263671875,666.4653930664062,236.91807556152344
2022-06-03,1264.7059326171875,3133.321044921875,1380.5057373046875,664.1558837890625,236.22506713867188
2022-06-06,1259.2686767578125,3124.94189453125,1388.0810546875,663.2656860351562,238.044189453125
2022-06-07,1261.634521484375,3062.779052734375,1366.8975830078125,655.6392211914062,237.2646026611328
2022-06-08,1239.4755859375,3100.531982421875,1360.8192138671875,657.9487915039062,232.0670928955078
2022-06-09,1273.46484375,3121.435302734375,1374.427490234375,662.9048461914062,234.62252807617188
2022-06-10,1235.0164794921875,3060.228515625,1339.7720947265625,650.1057739257812,234.01614379882812
2022-06-13,1211.6513671875,2932.4423828125,1292.32470703125,638.317138671875,229.25180053710938
2022-06-14,1195.817138671875,2924.199951171875,1306.8853759765625,631.2921142578125,229.9447784423828
2022-06-15,1181.3477783203125,2920.328369140625,1290.238037109375,629.102783203125,228.1690216064453
2022-06-16,1164.830810546875,2861.763427734375,1267.5576171875,616.520263671875,225.83010864257812
2022-06-17,1178.4810791015625,2813.3994140625,1258.5762939453125,620.5861206054688,228.08236694335938
2022-06-20,1157.118408203125,2834.803955078125,1282.93505859375,636.1759643554688,228.77536010742188
2022-06-21,1175.796630859375,2925.47412109375,1315.367919921875,643.1048583984375,233.7996063232422
2022-06-22,1140.078125,2935.493896484375,1303.891357421875,640.0734252929688,229.81484985351562
2022-06-23,1121.581787109375,3013.686767578125,1317.6812744140625,642.43115234375,229.98809814453125
2022-06-24,1137.5528564453125,2999.38671875,1307.384521484375,651.4049682617188,230.29129028320312
2022-06-27,1134.1856689453125,3019.06005859375,1337.776123046875,652.583740234375,233.8428955078125
2022-06-28,1150.1339111328125,3022.20263671875,1342.8111572265625,647.6036987304688,235.48878479003906
2022-06-29,1173.999267578125,2997.0185546875,1327.479248046875,646.6653442382812,237.39451599121094
2022-06-30,1181.0518798828125,2975.7060546875,1326.25439453125,648.6141357421875,236.91807556152344
2022-07-01,1095.9874267578125,3019.42431640625,1342.130859375,651.380859375,246.3168487548828
2022-07-04,1098.262451171875,2946.51416015625,1349.932861328125,652.2950439453125,252.85694885253906
2022-07-05,1107.157958984375,2929.4365234375,1339.0008544921875,650.8275146484375,248.52574157714844
2022-07-06,1097.420654296875,2969.921875,1353.244140625,659.80126953125,250.60476684570312
2022-07-07,1086.6141357421875,2994.60498046875,1359.639892578125,671.6139526367188,252.9002685546875
2022-07-08,1088.1158447265625,2974.202392578125,1373.928466796875,672.2394409179688,253.8531951904297
2022-07-11,1102.9036865234375,2836.078369140625,1336.4605712890625,676.5940551757812,255.54234313964844
2022-07-12,1101.333740234375,2809.573974609375,1305.1163330078125,669.6892700195312,253.54998779296875
2022-07-13,1081.8138427734375,2767.721923828125,1310.423583984375,653.3536987304688,254.7194061279297
2022-07-14,1090.73193359375,2738.49951171875,1296.27099609375,650.0816650390625,251.94744873046875
2022-07-15,1092.847900390625,2734.709716796875,1297.6318359375,655.37451171875,254.28623962402344
2022-07-18,1102.15283203125,2797.6298828125,1351.656494140625,648.3976440429688,255.8022003173828
2022-07-19,1108.909912109375,2807.44677734375,1346.4400634765625,648.6382446289062,255.19586181640625
2022-07-20,1138.89501953125,2890.138671875,1374.6995849609375,656.8180541992188,258.3143005371094
2022-07-21,1131.2962646484375,2901.553955078125,1390.666748046875,654.7490844726562,259.4837341308594
2022-07-22,1138.940673828125,2895.800537109375,1366.53466796875,670.0260620117188,260.35003662109375
2022-07-25,1101.31103515625,2891.9189453125,1364.085205078125,671.9989013671875,260.82647705078125
2022-07-26,1101.8116455078125,2845.482177734375,1316.5018310546875,670.6275634765625,261.995849609375
2022-07-27,1100.7650146484375,2912.101318359375,1334.5556640625,675.751953125,263.4684753417969
2022-07-28,1118.0101318359375,2977.532958984375,1376.6044921875,681.7425537109375,262.8620910644531
2022-07-29,1141.829833984375,3015.340087890625,1405.9078369140625,690.0907592773438,262.51556396484375
2022-08-01,1171.587646484375,3012.5087890625,1407.132568359375,695.8407592773438,266.37042236328125
2022-08-02,1176.046875,3006.11669921875,1400.373779296875,688.190185546875,268.49267578125
2022-08-03,1185.9205322265625,3049.677001953125,1420.7860107421875,689.8020629882812,266.93341064453125
2022-08-04,1170.245361328125,3063.786376953125,1451.4498291015625,688.984130859375,268.1028747558594
2022-08-05,1153.0003662109375,3073.009521484375,1466.645751953125,686.6504516601562,269.2723388671875
2022-08-08,1168.083984375,3081.593505859375,1469.1405029296875,703.4913940429688,271.26470947265625
2022-08-10,1175.0684814453125,3063.14697265625,1453.7633056640625,705.5362548828125,269.5754699707031
2022-08-11,1178.981689453125,3125.4736328125,1469.639404296875,714.8709716796875,265.28759765625
2022-08-12,1198.0465087890625,3106.342041015625,1446.18798828125,714.6063232421875,267.2799377441406
2022-08-16,1206.3731689453125,3098.260009765625,1448.3199462890625,722.7861938476562,269.012451171875
2022-08-17,1212.67529296875,3105.931396484375,1457.2105712890625,726.5151977539062,270.7449645996094
2022-08-18,1214.87451171875,3087.803466796875,1436.0723876953125,727.3812866210938,273.4303283691406
2022-08-19,1193.213623046875,3091.913330078125,1448.909423828125,718.407470703125,270.26849365234375
2022-08-22,1189.904052734375,3063.4208984375,1429.4498291015625,707.4849853515625,272.3474426269531
2022-08-23,1208.25537109375,2999.54150390625,1399.28515625,705.295654296875,273.6468811035156
2022-08-24,1205.036865234375,2972.830078125,1394.8397216796875,708.6879272460938,272.087646484375
2022-08-25,1201.5220947265625,2938.904052734375,1377.28515625,704.838623046875,270.57171630859375
2022-08-26,1195.1080322265625,2942.556884765625,1380.36962890625,704.9588623046875,271.04815673828125
2022-08-29,1185.818359375,2860.687255859375,1326.118408203125,692.5928344726562,271.6112060546875
2022-08-30,1204.2152099609375,2932.4658203125,1354.42333984375,715.0634155273438,277.6316223144531
2022-09-01,1168.81396484375,2859.911376953125,1328.341064453125,708.3511352539062,275.1194763183594
2022-09-02,1155.1646728515625,2858.723876953125,1318.1802978515625,714.7747802734375,279.9271240234375
2022-09-05,1173.1051025390625,2861.4638671875,1325.710205078125,719.369873046875,284.86474609375
2022-09-06,1185.4532470703125,2855.66455078125,1320.0853271484375,716.627197265625,283.39215087890625
2022-09-07,1178.5601806640625,2876.2578125,1322.3988037109375,713.2349853515625,282.4825439453125
2022-09-08,1180.226318359375,2894.5673828125,1338.95556640625,720.596923828125,285.7742919921875
2022-09-09,1172.8768310546875,2938.401611328125,1371.388427734375,721.0779418945312,286.2940673828125
2022-09-12,1186.0009765625,2961.50634765625,1393.6602783203125,718.6481323242188,286.6405334472656
2022-09-13,1195.906982421875,2949.08642578125,1401.598388671875,728.0548706054688,289.67242431640625
2022-09-14,1181.572998046875,2849.592041015625,1338.501953125,735.537109375,290.495361328125
2022-09-15,1169.8638916015625,2834.935302734375,1299.8546142578125,731.7117919921875,289.41253662109375
2022-09-16,1140.8763427734375,2747.5859375,1249.2774658203125,718.2631225585938,286.987060546875
2022-09-19,1142.3599853515625,2765.941650390625,1261.2979736328125,723.002685546875,290.7118835449219
2022-09-20,1142.54248046875,2776.443603515625,1259.71044921875,731.7117919921875,291.05841064453125
2022-09-21,1145.6925048828125,2740.73681640625,1249.458740234375,730.5810546875,295.3462829589844
2022-09-22,1134.896240234375,2746.39892578125,1241.0218505859375,715.015380859375,298.8979187011719
2022-09-23,1113.62353515625,2723.248779296875,1238.7535400390625,695.8407592773438,300.06732177734375
2022-09-26,1085.252197265625,2734.526123046875,1252.180419921875,686.4579467773438,288.1131591796875
2022-09-27,1093.880126953125,2755.576416015625,1264.2464599609375,680.2990112304688,290.0622253417969
2022-09-28,1064.7554931640625,2772.19677734375,1265.289794921875,668.6066284179688,281.48638916015625
2022-09-29,1061.4915771484375,2737.175048828125,1268.873291015625,665.1422729492188,288.50299072265625
2022-09-30,1085.4349365234375,2743.796142578125,1282.2998046875,683.90771484375,287.7666320800781
2022-10-03,1081.6688232421875,2725.897216796875,1264.4278564453125,679.9862670898438,281.00994873046875
2022-10-04,1101.61767578125,2822.880615234375,1296.7701416015625,699.1367797851562,288.3297119140625
2022-10-06,1105.680419921875,2832.74267578125,1320.1307373046875,691.4380493164062,291.6214599609375
2022-10-07,1110.359619140625,2798.908203125,1316.547119140625,688.454833984375,289.41253662109375
2022-10-10,1098.2396240234375,2847.90283203125,1326.9346923828125,680.8523559570312,283.9985046386719
2022-10-11,1076.373291015625,2803.155517578125,1291.6898193359375,673.9476318359375,282.6557922363281
2022-10-12,1084.2935791015625,2831.647216796875,1296.1348876953125,678.350341796875,285.9475402832031
2022-10-13,1087.740234375,2833.97607421875,1288.151611328125,670.5553588867188,284.6915283203125
2022-10-14,1082.216552734375,2830.185791015625,1337.4586181640625,692.400390625,287.6800231933594
2022-10-17,1099.586181640625,2849.046875,1351.70166015625,696.0332641601562,287.8099670410156
2022-10-18,1118.9874267578125,2879.2158203125,1364.1759033203125,694.7340698242188,294.7832336425781
2022-10-19,1138.4569091796875,2858.29443359375,1347.6192626953125,701.8554077148438,300.0240783691406
2022-10-20,1141.5155029296875,2890.751220703125,1361.6358642578125,697.1159057617188,302.92596435546875
2022-10-21,1128.2769775390625,2872.53173828125,1361.2728271484375,692.2078857421875,299.3743591308594
2022-10-24,1132.0430908203125,2894.780029296875,1377.012939453125,703.0101318359375,301.1934509277344
2022-10-25,1114.559326171875,2895.146484375,1384.678955078125,698.1262817382812,299.980712890625
2022-10-27,1118.941650390625,2890.8427734375,1397.65625,699.8103637695312,299.547607421875
2022-10-28,1153.1790771484375,2896.19921875,1387.8431396484375,701.87939453125,299.547607421875
2022-10-31,1163.8837890625,2923.574462890625,1410.220947265625,720.163818359375,302.0596923828125
2022-11-01,1154.8680419921875,2984.50634765625,1442.6414794921875,728.1270751953125,302.7527160644531
2022-11-02,1162.08056640625,2968.026123046875,1424.5740966796875,728.5841674804688,307.2138671875
2022-11-03,1166.417236328125,2936.027099609375,1403.8927001953125,725.3844604492188,306.39093017578125
2022-11-04,1183.5816650390625,2945.777587890625,1388.5308837890625,720.38037109375,306.3042297363281
2022-11-07,1189.904052734375,2960.701416015625,1382.523681640625,725.9859619140625,306.2176513671875
2022-11-09,1188.7171630859375,2944.541748046875,1385.9630126953125,725.7693481445312,312.4546203613281
2022-11-10,1174.3375244140625,2935.019775390625,1377.4794921875,733.6605834960938,308.3832702636719
2022-11-11,1201.4078369140625,3036.0078125,1439.981689453125,775.2334594726562,308.6864929199219
2022-11-14,1195.5875244140625,3053.907470703125,1453.922119140625,777.1099243164062,300.7603454589844
2022-11-15,1190.2237548828125,3051.252685546875,1461.901123046875,779.0105590820312,299.0711975097656
2022-11-16,1183.3990478515625,3072.081787109375,1469.9718017578125,785.6987915039062,298.0749816894531
2022-11-17,1186.4576416015625,3066.267822265625,1455.84814453125,778.6016235351562,297.7284851074219
2022-11-18,1185.818359375,3061.186767578125,1461.3507080078125,776.5567016601562,295.43292236328125
2022-11-21,1164.477294921875,3006.297607421875,1438.239013671875,768.5933227539062,292.09783935546875
2022-11-22,1170.9366455078125,3035.0927734375,1453.69287109375,767.4625244140625,294.73992919921875
2022-11-23,1167.28466796875,3029.00341796875,1451.9503173828125,769.4594116210938,294.3501281738281
2022-11-24,1177.3504638671875,3094.787841796875,1494.734130859375,781.9697875976562,295.1730651855469
2022-11-25,1194.9254150390625,3103.486328125,1500.099365234375,778.3610229492188,294.7832336425781
2022-11-28,1235.9874267578125,3108.613037109375,1488.8646240234375,769.9886474609375,294.5666809082031
2022-11-29,1238.110107421875,3110.53564453125,1494.04638671875,768.8339233398438,296.5157165527344
2022-11-30,1246.85205078125,3104.538818359375,1499.45751953125,773.9342651367188,294.5234069824219
2022-12-01,1243.17724609375,3182.225830078125,1519.7718505859375,779.251220703125,294.1335754394531
2022-12-02,1242.652099609375,3148.806640625,1502.162841796875,773.28466796875,292.0545654296875
2022-12-05,1224.529296875,3136.675537109375,1503.8597412109375,776.0994873046875,291.70806884765625
2022-12-06,1228.067138671875,3099.54931640625,1479.2347412109375,775.2334594726562,292.18450927734375
2022-12-07,1209.9443359375,3095.199951171875,1472.447998046875,774.8966064453125,294.6100158691406
2022-12-08,1209.3736572265625,3067.686767578125,1485.884033203125,779.251220703125,293.1374206542969
2022-12-09,1191.04541015625,3014.76611328125,1439.248046875,784.8087158203125,295.7361145019531
2022-12-12,1192.871337890625,3008.997802734375,1418.9793701171875,790.9194946289062,297.29534912109375
2022-12-13,1198.3037109375,3050.794677734375,1441.8619384765625,793.1088256835938,299.3743591308594
2022-12-14,1193.9669189453125,3081.2373046875,1448.510986328125,799.821044921875,299.2010498046875
2022-12-15,1177.008056640625,3026.073974609375,1412.8345947265625,785.1696166992188,293.5271911621094
2022-12-16,1171.1876220703125,2966.698486328125,1396.05126953125,788.9467163085938,290.27880859375
2022-12-19,1186.5716552734375,2931.7236328125,1382.43212890625,791.4006958007812,294.95648193359375
2022-12-20,1196.8428955078125,2970.086181640625,1382.38623046875,785.9393920898438,294.6533508300781
2022-12-21,1179.8155517578125,2992.60986328125,1384.44970703125,778.3368530273438,290.32208251953125
2022-12-22,1176.7569580078125,2984.50634765625,1395.9136962890625,775.66650390625,287.9832458496094
2022-12-23,1142.245849609375,2955.80322265625,1373.0313720703125,768.7377319335938,283.0023193359375
2022-12-26,1152.22021484375,2978.281005859375,1377.8922119140625,784.0387573242188,289.84564208984375
2022-12-27,1161.64697265625,2984.32373046875,1389.3104248046875,784.832763671875,288.589599609375
2022-12-28,1161.532958984375,2982.12646484375,1385.0,784.2071533203125,289.67242431640625
2022-12-29,1161.0078125,2992.79296875,1391.7867431640625,789.7406005859375,290.495361328125
2022-12-30,1162.7880859375,2981.760009765625,1383.2115478515625,783.4132690429688,287.2035827636719
2023-01-02,1175.8896484375,2986.10888671875,1397.7022705078125,783.6779174804688,288.3297119140625
2023-01-03,1167.28466796875,3031.79638671875,1396.372314453125,788.8023071289062,286.8137512207031
2023-01-04,1149.7095947265625,3034.8173828125,1370.922119140625,774.7041625976562,283.2621765136719
2023-01-05,1147.6552734375,3031.567626953125,1352.9462890625,769.7240600585938,288.8494567871094
2023-01-06,1158.0863037109375,2940.421875,1328.458984375,767.173828125,290.2355041503906
2023-01-09,1185.4302978515625,3039.67041015625,1361.4296875,768.66552734375,292.8341979980469
2023-01-10,1167.9010009765625,3008.95263671875,1347.947998046875,754.6154174804688,288.80615234375
2023-01-11,1153.1790771484375,3047.681396484375,1349.32373046875,765.4898071289062,287.420166015625
2023-01-12,1128.2769775390625,3052.85400390625,1357.8988037109375,769.5797119140625,285.7309875488281
2023-01-13,1126.451171875,3089.660400390625,1379.0386962890625,770.18115234375,284.7781066894531
2023-01-16,1115.723388671875,3121.966064453125,1399.0777587890625,762.7952880859375,286.0342102050781
2023-01-17,1131.5638427734375,3163.4951171875,1411.9176025390625,774.1508178710938,287.8099670410156
2023-01-18,1129.692138671875,3174.357177734375,1417.32861328125,787.8160400390625,289.8890075683594
2023-01-19,1128.4825439453125,3158.53173828125,1411.367431640625,791.0878295898438,287.723388671875
2023-01-20,1115.0615234375,3149.168212890625,1399.123779296875,799.195556640625,289.84564208984375
2023-01-23,1109.423828125,3197.67333984375,1419.7132568359375,805.0418090820312,292.5743103027344
2023-01-24,1102.873046875,3217.711669921875,1423.2900390625,815.8198852539062,293.6138000488281
2023-01-25,1087.6258544921875,3211.578857421875,1415.1275634765625,793.2771606445312,293.87371826171875
2023-01-27,1066.992431640625,3194.068359375,1393.25390625,777.4708862304688,299.7208557128906
2023-01-30,1077.218017578125,3215.230224609375,1411.275634765625,776.677001953125,298.6813659667969
2023-01-31,1074.5245361328125,3145.04833984375,1406.644287109375,771.552490234375,305.22149658203125
2023-02-01,1068.1566162109375,3191.53955078125,1422.556396484375,783.1245727539062,313.0610656738281
2023-02-02,1062.244873046875,3240.27880859375,1452.50048828125,771.4802856445312,327.9604187011719
2023-02-03,1063.1806640625,3260.78564453125,1466.8536376953125,798.1611328125,329.7362976074219
2023-02-06,1055.1690673828125,3239.857666015625,1439.7525634765625,794.7688598632812,332.118408203125
2023-02-07,1052.635498046875,3251.65625,1432.9197998046875,795.9476318359375,323.32598876953125
2023-02-08,1073.6572265625,3296.181884765625,1458.6910400390625,795.8514404296875,325.31842041015625
2023-02-09,1075.52880859375,3315.611572265625,1482.9951171875,794.1914672851562,324.1922912597656
2023-02-10,1066.6728515625,3312.521240234375,1475.245361328125,797.3430786132812,321.68017578125
2023-02-13,1060.6015625,3260.87939453125,1437.5511474609375,797.9445190429688,324.1489562988281
2023-02-14,1085.5946044921875,3277.45361328125,1461.213134765625,805.3305053710938,334.7604675292969
2023-02-15,1110.1768798828125,3296.696044921875,1464.6982421875,803.694580078125,336.50469970703125
2023-02-16,1109.3095703125,3331.717041015625,1469.0546875,800.7835083007812,336.81280517578125
2023-02-17,1113.9429931640625,3278.43701171875,1452.54638671875,796.7657470703125,337.56121826171875
2023-02-20,1102.16552734375,3265.4677734375,1460.4793701171875,789.2835083007812,338.1335144042969
2023-02-21,1111.1585693359375,3231.4765625,1448.602783203125,792.2427368164062,336.5486755371094
2023-02-22,1085.9598388671875,3185.17236328125,1432.36962890625,776.7009887695312,337.9574279785156
2023-02-23,1080.7557373046875,3196.6435546875,1422.1893310546875,771.4321899414062,341.259033203125
2023-02-24,1088.15087890625,3184.142333984375,1422.1435546875,764.5514526367188,339.0579833984375
2023-02-27,1080.91552734375,3119.90576171875,1384.220458984375,766.4520874023438,336.50469970703125
2023-02-28,1060.2362060546875,3102.11474609375,1364.2728271484375,769.6759033203125,331.6622619628906
2023-03-01,1069.982421875,3170.33056640625,1372.068359375,768.93017578125,333.42315673828125
2023-03-02,1061.833984375,3110.16748046875,1350.1490478515625,762.3861694335938,330.6497802734375
2023-03-03,1088.9271240234375,3129.55029296875,1356.70654296875,777.51904296875,338.9259033203125
2023-03-06,1099.5633544921875,3157.361572265625,1382.523681640625,783.0043334960938,341.7433166503906
2023-03-08,1103.51220703125,3174.731689453125,1368.9959716796875,784.568115234375,345.48516845703125
2023-03-09,1076.9896240234375,3124.588134765625,1357.7154541015625,784.6401977539062,341.1710510253906
2023-03-10,1060.3046875,3119.110107421875,1349.5989990234375,764.4071044921875,341.6112365722656
2023-03-13,1042.8665771484375,3073.18017578125,1316.16943359375,754.7357177734375,337.78131103515625
2023-03-14,1038.9635009765625,3010.442138671875,1302.32080078125,752.7147827148438,334.3035888671875
2023-03-15,1021.2057495117188,2995.4130859375,1302.0,741.91259765625,334.0394287109375
2023-03-16,1016.1157836914062,2982.3974609375,1287.738525390625,746.7241821289062,335.8443298339844
2023-03-17,1014.837646484375,2977.06005859375,1302.9627685546875,756.70849609375,330.6497802734375
2023-03-20,1004.8631591796875,2943.349853515625,1287.3258056640625,751.4637451171875,333.51116943359375
2023-03-21,1036.1103515625,2908.516357421875,1275.4490966796875,759.9803466796875,331.8823547363281
2023-03-22,1039.2601318359375,2931.644775390625,1274.119140625,758.2241821289062,332.58673095703125
2023-03-23,1026.1131591796875,2925.886474609375,1260.6375732421875,752.1373901367188,335.1400451660156
2023-03-24,1005.7990112304688,2922.0,1266.2318115234375,750.9344482421875,333.42315673828125
2023-03-27,1021.4339599609375,2923.685791015625,1273.8441162109375,754.2063598632812,334.74383544921875
2023-03-28,1026.2044677734375,2917.693115234375,1263.434814453125,760.34130859375,334.3476257324219
2023-03-29,1020.133056640625,2939.229736328125,1268.8916015625,763.9981689453125,336.9889221191406
2023-03-31,1064.116455078125,3001.968017578125,1309.612060546875,774.4635620117188,337.64923095703125
2023-04-03,1064.299072265625,2996.443359375,1293.92919921875,774.9447631835938,333.5992431640625
2023-04-05,1061.74267578125,3033.7119140625,1305.57666015625,795.7311401367188,340.20257568359375
2023-04-06,1068.8638916015625,3015.826904296875,1304.0634765625,801.7938842773438,341.0389709472656
2023-04-10,1061.2861328125,3055.81005859375,1309.291015625,797.99267578125,342.095458984375
2023-04-11,1066.535888671875,3009.36572265625,1289.6187744140625,800.3263549804688,348.6547546386719
2023-04-12,1071.23779296875,3035.443603515625,1309.93310546875,810.7196044921875,346.4977111816406
2023-04-13,1075.27783203125,2986.00244140625,1274.0732421875,814.3523559570312,348.3025817871094
2023-04-17,1080.73291015625,2939.791748046875,1154.021484375,801.938232421875,352.3086242675781
2023-04-18,1068.3619384765625,2931.598388671875,1154.9842529296875,798.5460205078125,350.8558349609375
2023-04-19,1073.6800537109375,2893.06591796875,1130.0843505859375,801.4810791015625,351.07598876953125
2023-04-20,1070.9638671875,2907.29931640625,1122.013671875,804.46435546875,352.4407043457031
2023-04-21,1072.310546875,2959.78369140625,1125.636474609375,805.7635498046875,359.4401550292969
2023-04-24,1076.4190673828125,2972.845947265625,1124.6734619140625,812.2833862304688,359.83636474609375
2023-04-25,1084.65869140625,2973.969482421875,1123.3895263671875,800.7353515625,362.3456726074219
2023-04-26,1078.290771484375,2994.7109375,1125.8197021484375,804.416259765625,362.9619445800781
2023-04-27,1085.115234375,2985.15966796875,1142.969970703125,808.843017578125,366.2635803222656
2023-04-28,1104.949951171875,3014.46875,1148.9315185546875,812.0186767578125,374.67181396484375
2023-05-02,1114.3310546875,3014.608642578125,1171.584228515625,811.8502807617188,373.7033386230469
2023-05-03,1104.767333984375,2977.62158203125,1163.9722900390625,814.689208984375,376.0805358886719
2023-05-04,1117.503662109375,3015.826904296875,1168.0076904296875,831.3616333007812,373.8354187011719
2023-05-05,1114.6505126953125,3025.190185546875,1154.755126953125,782.2103881835938,377.4892272949219
2023-05-08,1128.4140625,3043.82470703125,1160.7164306640625,791.2562866210938,379.86639404296875
2023-05-09,1131.9061279296875,3074.3974609375,1165.393798828125,791.2803344726562,373.13104248046875
2023-05-10,1139.6895751953125,3077.72216796875,1158.5614013671875,794.9371948242188,374.4957275390625
2023-05-11,1132.24853515625,3073.367431640625,1152.003662109375,795.4664916992188,370.1375427246094
2023-05-12,1134.0972900390625,3066.016845703125,1142.0069580078125,802.4916381835938,370.18157958984375
2023-05-15,1136.334228515625,3047.990966796875,1154.067138671875,806.3409423828125,376.65283203125
2023-05-16,1120.1513671875,3050.894287109375,1159.5242919921875,801.7174072265625,373.2630920410156
2023-05-17,1113.5322265625,3004.58984375,1143.566162109375,797.4102172851562,376.47674560546875
2023-05-18,1111.1356201171875,2996.302734375,1142.74072265625,800.5980224609375,369.521240234375
2023-05-19,1114.741943359375,3017.83984375,1163.7430419921875,801.5227661132812,369.6533508300781
2023-05-22,1120.6990966796875,3088.864990234375,1185.662353515625,798.6756591796875,373.9674987792969
2023-05-23,1120.49365234375,3087.31982421875,1192.3115234375,796.8018798828125,377.8414306640625
2023-05-24,1113.9656982421875,3093.218994140625,1191.02734375,786.3868408203125,381.67132568359375
2023-05-25,1113.828857421875,3083.99609375,1196.255126953125,783.3693237304688,388.4067077636719
2023-05-26,1144.208740234375,3117.1435546875,1208.26953125,786.3868408203125,390.56378173828125
2023-05-29,1150.6453857421875,3109.1376953125,1205.4722900390625,795.9744873046875,395.4062194824219
2023-05-30,1150.3486328125,3105.251953125,1214.1390380859375,796.5828857421875,405.00787353515625
2023-05-31,1127.5009765625,3080.250244140625,1209.049072265625,783.9777221679688,401.046875
2023-06-01,1124.4652099609375,3112.555419921875,1210.1495361328125,780.6439819335938,395.8255920410156
2023-06-02,1120.7904052734375,3095.326171875,1207.3614501953125,781.860595703125,399.1564025878906
2023-06-05,1130.8563232421875,3079.688232421875,1212.4732666015625,780.838623046875,396.6808166503906
2023-06-06,1131.8148193359375,3026.688720703125,1188.7720947265625,778.4051513671875,398.6163024902344
2023-06-07,1140.3970947265625,3066.578369140625,1198.0201416015625,782.4446411132812,399.65155029296875
2023-06-08,1141.081787109375,3030.57470703125,1192.30419921875,782.9312744140625,398.7063293457031
2023-06-09,1133.001708984375,3005.151611328125,1176.642578125,783.8560791015625,394.7003479003906
2023-06-12,1134.0059814453125,3040.35986328125,1200.8084716796875,779.0865478515625,393.3500061035156
2023-06-13,1150.759521484375,3037.36328125,1212.7984619140625,780.4005737304688,400.95684814453125
2023-06-14,1164.910888671875,3044.24609375,1208.66259765625,779.5488891601562,400.1466369628906
2023-06-15,1165.23046875,3034.10498046875,1196.0220947265625,769.961181640625,403.387451171875
2023-06-16,1176.574462890625,2995.0498046875,1200.5299072265625,780.0355224609375,407.8885192871094
2023-06-19,1164.88818359375,3028.5390625,1202.7138671875,780.7169189453125,408.338623046875
2023-06-20,1167.3074951171875,3044.859130859375,1211.4508056640625,782.3473510742188,407.6634826660156
2023-06-21,1170.5943603515625,3073.63134765625,1207.6865234375,796.023193359375,402.4422302246094
2023-06-22,1157.4471435546875,3055.04736328125,1191.1422119140625,799.9166870117188,402.9822998046875
2023-06-23,1147.9749755859375,3034.152099609375,1175.759765625,799.8680419921875,400.3717346191406
2023-06-26,1139.210205078125,3008.964599609375,1180.732421875,795.9988403320312,401.2268981933594
2023-06-27,1139.62109375,3016.22802734375,1188.91162109375,807.2169799804688,400.6867980957031
2023-06-28,1154.708251953125,3033.302490234375,1202.10986328125,815.75830078125,404.5127258300781
2023-06-30,1164.1805419921875,3115.185546875,1241.2862548828125,828.047119140625,406.5382080078125
2023-07-03,1194.058349609375,3086.932373046875,1239.61328125,837.0021362304688,417.0257263183594
2023-07-04,1181.7557373046875,3121.412109375,1250.255615234375,841.0902709960938,419.8163757324219
2023-07-05,1179.8155517578125,3131.88330078125,1252.25390625,814.3712768554688,427.6932678222656
2023-07-06,1204.5804443359375,3134.666259765625,1249.0938720703125,815.1986083984375,426.6130065917969
2023-07-07,1202.2294921875,3140.65625,1236.3602294921875,808.093017578125,421.661865234375
2023-07-10,1248.541015625,3086.60205078125,1235.3843994140625,806.1705932617188,419.36627197265625
2023-07-11,1262.0760498046875,3087.0263671875,1253.462158203125,802.2528076171875,425.9378967285156
2023-07-12,1263.468505859375,3075.23486328125,1239.2415771484375,794.7334594726562,425.1727294921875
2023-07-13,1252.1702880859375,3151.316650390625,1268.7979736328125,798.6998901367188,424.90264892578125
2023-07-14,1251.1202392578125,3315.553955078125,1325.35546875,800.3546752929688,425.7127990722656
2023-07-17,1276.6842041015625,3293.90380859375,1322.5672607421875,817.0966796875,425.2176818847656
2023-07-18,1287.52587890625,3298.762451171875,1371.131103515625,816.415283203125,425.35272216796875
2023-07-19,1297.294921875,3273.48046875,1370.8988037109375,820.1141357421875,431.0691223144531
2023-07-20,1295.7239990234375,3275.608642578125,1347.2440185546875,821.8905639648438,443.04205322265625
2023-07-21,1255.6134033203125,3185.75732421875,1237.6614990234375,815.5636596679688,441.5116271972656
2023-07-24,1230.216796875,3210.77392578125,1242.3087158203125,816.8533325195312,424.3174743652344
2023-07-25,1229.425537109375,3214.934814453125,1240.44970703125,825.7110595703125,416.1705322265625
2023-07-26,1249.4063720703125,3204.673095703125,1253.6944580078125,822.8395385742188,425.1276550292969
2023-07-27,1237.7838134765625,3212.806640625,1257.6912841796875,814.2982788085938,418.6461181640625
2023-07-28,1250.2225341796875,3173.55615234375,1245.9337158203125,799.8680419921875,421.7068786621094
2023-07-31,1260.8065185546875,3236.02685546875,1260.061279296875,803.615478515625,419.2312316894531
2023-08-01,1242.9769287109375,3264.968017578125,1268.89111328125,808.9933471679688,418.4210510253906
2023-08-02,1229.697509765625,3254.18603515625,1261.130126953125,798.407958984375,414.1900329589844
2023-08-03,1224.529052734375,3215.69189453125,1268.0546875,792.6407470703125,410.5441589355469
2023-08-04,1241.1717529296875,3256.928955078125,1281.113525390625,804.1021118164062,409.55389404296875
2023-08-07,1248.244384765625,3295.234130859375,1294.72998046875,803.6398315429688,409.5089416503906
2023-08-08,1240.7264404296875,3282.51318359375,1292.12744140625,802.9828491210938,407.2133483886719
2023-08-09,1248.911865234375,3274.85205078125,1296.03125,803.2748413085938,412.884765625
2023-08-10,1254.475830078125,3255.5576171875,1291.1051025390625,796.1448364257812,406.6732177734375
2023-08-11,1259.767822265625,3261.89404296875,1275.0718994140625,787.8468627929688,403.9725646972656
2023-08-14,1274.6546630859375,3262.887451171875,1295.2412109375,784.0020751953125,404.377685546875
2023-08-16,1273.6160888671875,3270.973876953125,1318.43115234375,781.714599609375,405.3229064941406
2023-08-17,1255.2425537109375,3249.551513671875,1311.971435546875,777.3831176757812,396.9958801269531
2023-08-18,1264.5406494140625,3184.6220703125,1290.8262939453125,774.1953125,397.5810241699219
2023-08-21,1250.74267578125,3217.299560546875,1306.255126953125,773.5869750976562,403.1174011230469
2023-08-22,1250.44482421875,3198.8564453125,1304.7216796875,770.2774658203125,408.92376708984375
2023-08-23,1251.8345947265625,3214.083984375,1308.625244140625,772.1755981445312,405.5029602050781
2023-08-24,1230.7904052734375,3204.1533203125,1323.171142578125,768.622802734375,405.9080505371094
2023-08-25,1225.1075439453125,3198.052490234375,1319.918212890625,759.9597778320312,399.1114196777344
2023-08-28,1212.897705078125,3192.6142578125,1315.7821044921875,767.868408203125,397.35595703125
2023-08-29,1201.2838134765625,3193.181640625,1317.64111328125,773.9763793945312,396.1856994628906
2023-08-30,1200.142333984375,3207.1796875,1333.9066162109375,768.3307495117188,398.6163024902344
2023-08-31,1194.6578369140625,3174.880615234375,1334.1854248046875,764.8023071289062,395.8255920410156
2023-09-01,1197.4619140625,3196.06640625,1341.9927978515625,766.384033203125,397.0408935546875
2023-09-04,1196.494140625,3233.236328125,1361.74365234375,771.1779174804688,393.8450927734375
2023-09-05,1202.89697265625,3243.498779296875,1374.5703125,766.4813842773438,398.8863525390625
2023-09-06,1205.4281005859375,3244.018798828125,1373.2222900390625,776.507080078125,402.8022766113281
2023-09-07,1207.06591796875,3267.994873046875,1362.765869140625,783.9777221679688,401.4069519042969
2023-09-08,1215.1064453125,3255.3681640625,1365.926025390625,790.0856323242188,398.4812316894531
2023-09-11,1228.20947265625,3292.01806640625,1372.292724609375,794.173828125,402.5772399902344
2023-09-12,1210.4658203125,3386.740478515625,1395.2041015625,796.6559448242188,406.1330871582031
2023-09-13,1216.52099609375,3374.492431640625,1392.64794921875,800.0626831054688,408.2486267089844
2023-09-14,1217.6376953125,3367.115478515625,1400.641357421875,799.5759887695312,405.05279541015625
2023-09-15,1219.89599609375,3403.29248046875,1404.9632568359375,808.7500610351562,403.61248779296875
2023-09-18,1209.274658203125,3410.717041015625,1386.5601806640625,792.83544921875,406.9432678222656
2023-09-20,1182.3240966796875,3410.622314453125,1385.119384765625,761.0304565429688,407.7535095214844
2023-09-21,1173.7127685546875,3390.997314453125,1395.80810546875,755.9932861328125,402.8472900390625
2023-09-22,1168.823974609375,3408.35205078125,1390.6031494140625,744.4588623046875,398.8863525390625
2023-09-25,1161.6273193359375,3383.28857421875,1370.1551513671875,745.1158447265625,398.43621826171875
2023-09-26,1162.644775390625,3391.37548828125,1357.6075439453125,748.3523559570312,398.30120849609375
2023-09-27,1175.747802734375,3394.780029296875,1363.509765625,743.0961303710938,404.3326721191406
2023-09-28,1158.4757080078125,3345.078125,1337.903076171875,741.5630493164062,396.7708435058594
2023-09-29,1163.8856201171875,3337.36962890625,1334.1854248046875,742.8284301757812,400.0566101074219
2023-10-03,1150.5592041015625,3323.419189453125,1332.837646484375,733.9464111328125,395.87066650390625
2023-10-04,1148.5738525390625,3346.02392578125,1342.4573974609375,744.41015625,392.5848083496094
2023-10-05,1148.5491943359375,3394.82763671875,1360.2099609375,747.4276123046875,392.539794921875
2023-10-06,1150.4847412109375,3425.140380859375,1374.384033203125,746.6002807617188,398.0311279296875
2023-10-09,1140.6822509765625,3441.172119140625,1371.3634033203125,737.9371948242188,396.50079345703125
2023-10-10,1145.719970703125,3432.233642578125,1389.6737060546875,742.1227416992188,400.0566101074219
2023-10-11,1163.910400390625,3414.263427734375,1388.9765625,749.3013916015625,403.5224914550781
2023-10-12,1166.0693359375,3350.5634765625,1362.1153564453125,754.2899169921875,405.7279968261719
2023-10-13,1166.019775390625,3377.330322265625,1330.188720703125,747.4276123046875,403.61248779296875
2023-10-16,1163.4140625,3333.066650390625,1332.97705078125,744.4345092773438,404.1526184082031
2023-10-17,1168.972900390625,3316.987548828125,1340.69140625,750.0800170898438,408.2035827636719
2023-10-18,1153.4627685546875,3298.2607421875,1338.925537109375,739.640625,406.5832214355469
2023-10-19,1144.603271484375,3276.830078125,1332.512451171875,737.3045654296875,405.4579162597656
2023-10-20,1141.104248046875,3313.717041015625,1326.563720703125,741.125,394.5653076171875
2023-10-23,1123.2860107421875,3233.684814453125,1309.2760009765625,732.9730834960938,392.40478515625
2023-10-25,1120.680419921875,3214.67236328125,1289.88134765625,728.3252563476562,389.5240478515625
2023-10-26,1105.07080078125,3164.0830078125,1279.901611328125,712.2158813476562,391.0094299316406
2023-10-27,1124.5765380859375,3177.548095703125,1299.57861328125,715.0143432617188,390.46929931640625
2023-10-30,1147.7550048828125,3203.72021484375,1296.4718017578125,722.7770385742188,387.4986267089844
2023-10-31,1135.5452880859375,3194.427001953125,1288.327880859375,718.5914916992188,385.6531066894531
2023-11-01,1140.2603759765625,3158.298583984375,1274.9117431640625,717.6180419921875,385.3830871582031
2023-11-02,1151.57666015625,3186.224365234375,1289.975341796875,718.7131958007812,388.1287536621094
2023-11-03,1151.3284912109375,3177.500244140625,1307.76953125,722.1199340820312,390.0191955566406
2023-11-06,1160.9075927734375,3205.33203125,1321.185791015625,727.3518676757812,391.90966796875
2023-11-07,1153.3634033203125,3196.0390625,1322.127197265625,723.8233642578125,389.5240478515625
2023-11-08,1159.3690185546875,3206.564453125,1309.60546875,725.9161987304688,393.3500061035156
2023-11-09,1146.787109375,3174.229248046875,1294.3533935546875,723.044677734375,391.054443359375
2023-11-10,1148.9461669921875,3160.953857421875,1288.75146484375,725.8917846679688,392.9899597167969
2023-11-13,1148.79736328125,3159.152099609375,1293.176513671875,724.5777587890625,392.4948425292969
2023-11-15,1169.5684814453125,3228.137451171875,1327.96435546875,732.1700439453125,397.85107421875
2023-11-16,1171.6778564453125,3316.846435546875,1360.3515625,734.0924072265625,394.8804016113281
2023-11-17,1169.121826171875,3321.208251953125,1353.4315185546875,732.5106811523438,395.4205017089844
2023-11-20,1166.0445556640625,3337.470947265625,1352.537109375,732.559326171875,393.2149658203125
2023-11-21,1180.7109375,3328.55712890625,1354.796630859375,738.7645874023438,392.7198791503906
2023-11-22,1185.3267822265625,3347.47509765625,1372.4967041015625,736.1365966796875,395.8255920410156
2023-11-23,1188.9500732421875,3326.70849609375,1364.4468994140625,740.3950805664062,396.41070556640625
2023-11-24,1188.1558837890625,3278.205078125,1353.29052734375,745.6512451171875,394.115234375
2023-11-28,1188.404052734375,3290.57958984375,1358.2801513671875,743.9721069335938,391.81964111328125
2023-11-29,1191.5308837890625,3331.923828125,1374.1912841796875,758.8161010742188,393.5750732421875
2023-11-30,1179.9913330078125,3307.126953125,1370.0015869140625,758.645751953125,392.31475830078125
2023-12-01,1188.3544921875,3329.9326171875,1367.3184814453125,756.9910278320312,404.91778564453125
2023-12-04,1201.2093505859375,3330.69091796875,1378.663330078125,783.2720336914062,408.7437438964844
2023-12-05,1209.919921875,3348.85009765625,1368.871826171875,790.2315673828125,406.6732177734375
2023-12-06,1221.5091552734375,3417.598388671875,1388.0311279296875,792.2271118164062,417.0257263183594
2023-12-07,1219.4989013671875,3427.83935546875,1380.1226806640625,793.5167236328125,412.3896484375
2023-12-08,1218.8536376953125,3439.02880859375,1403.895263671875,804.5888061523438,404.3326721191406
2023-12-11,1220.6405029296875,3454.390380859375,1401.400146484375,803.5181884765625,407.3033447265625
2023-12-12,1203.1201171875,3482.079833984375,1389.6788330078125,795.5364990234375,407.8885192871094
2023-12-13,1208.03369140625,3407.594482421875,1364.211669921875,793.7357788085938,410.1840515136719
2023-12-14,1223.0228271484375,3477.48095703125,1413.5924072265625,803.1044311523438,414.1900329589844
2023-12-15,1238.63232421875,3661.204833984375,1486.039794921875,806.2192993164062,412.4796142578125
2023-12-18,1251.239013671875,3659.497802734375,1472.811767578125,805.8055419921875,406.5832214355469
2023-12-19,1269.6527099609375,3618.72265625,1467.1158447265625,804.44287109375,410.58917236328125
2023-12-20,1254.2913818359375,3584.443603515625,1446.4971923828125,806.438232421875,405.9980773925781
2023-12-21,1271.8614501953125,3591.507568359375,1446.120849609375,820.892822265625,406.4031982421875
2023-12-22,1273.102294921875,3626.119384765625,1471.4466552734375,813.1788330078125,409.7789611816406
2023-12-26,1279.554443359375,3599.141845703125,1453.60546875,818.8244018554688,410.9042663574219
2023-12-27,1283.9222412109375,3613.981201171875,1475.4007568359375,828.9718627929688,411.4893798828125
2023-12-28,1293.2034912109375,3603.26611328125,1471.21142578125,829.9208374023438,417.7909240722656
2023-12-29,1282.97900390625,3597.1025390625,1452.616943359375,831.8676147460938,415.9904479980469
